date,time_local,boxes_drawn,forecast,true_positives,missed,missed_poses,multi_surfer_box,uncertain_missed,false_positives,false_positive_box_numbers,false_positive_causes,uncertain_box_numbers,standing_box_numbers,sup_box_numbers,notes,filename,image
DESCRIPTION,clip time (local),boxes the detector drew,model prediction for the hour,boxes genuinely on a surfer,real surfers with NO box,pose of each missed surfer,boxes holding 2+ surfers,how many misses you are unsure of,boxes on anything else,which boxes those were,what they actually were,boxes you would not defend,boxes RIDING A WAVE,boxes with a paddleboarder,anything else worth keeping,source crop (do not edit),PNG to open (do not edit)
EXAMPLE,15:26,27,24.4,27,2,1 prone; 1 sitting,26,1,0,3;7,bird; wind sock,12,5;9,14,TP + FP must equal boxes_drawn,crop2026-09-23_15-26-00.jpg,1526_boxes_27.png
2025-10-25,07:29,13,,,,,,,,,,,,,,crop2025-10-25_07-29-00.jpg,0729_boxes_13.png
2025-10-25,08:23,15,,,,,,,,,,,,,,crop2025-10-25_08-23-00.jpg,0823_boxes_15.png
2025-10-25,09:17,12,,,,,,,,,,,,,,crop2025-10-25_09-17-00.jpg,0917_boxes_12.png
2025-10-25,10:11,22,,,,,,,,,,,,,,crop2025-10-25_10-11-00.jpg,1011_boxes_22.png
2025-10-25,11:05,19,,,,,,,,,,,,,,crop2025-10-25_11-05-00.jpg,1105_boxes_19.png
2025-10-25,11:59,14,,,,,,,,,,,,,,crop2025-10-25_11-59-00.jpg,1159_boxes_14.png
2025-10-25,12:53,4,,,,,,,,,,,,,,crop2025-10-25_12-53-00.jpg,1253_boxes_04.png
2025-10-25,13:47,7,,,,,,,,,,,,,,crop2025-10-25_13-47-00.jpg,1347_boxes_07.png
2025-10-25,14:41,16,,,,,,,,,,,,,,crop2025-10-25_14-41-00.jpg,1441_boxes_16.png
2025-10-25,15:35,32,,,,,,,,,,,,,,crop2025-10-25_15-35-00.jpg,1535_boxes_32.png
2025-10-25,16:29,46,,,,,,,,,,,,,,crop2025-10-25_16-29-00.jpg,1629_boxes_46.png
2025-10-25,17:23,51,,,,,,,,,,,,,,crop2025-10-25_17-23-00.jpg,1723_boxes_51.png
2025-10-25,18:17,32,,,,,,,,,,,,,,crop2025-10-25_18-17-00.jpg,1817_boxes_32.png
2025-11-04,06:35,1,,,,,,,,,,,,,,crop2025-11-04_06-35-00.jpg,0635_boxes_01.png
2025-11-04,07:29,0,,,,,,,,,,,,,,crop2025-11-04_07-29-00.jpg,0729_boxes_00.png
2025-11-04,08:23,0,,,,,,,,,,,,,,crop2025-11-04_08-23-00.jpg,0823_boxes_00.png
2025-11-04,09:17,0,,,,,,,,,,,,,,crop2025-11-04_09-17-00.jpg,0917_boxes_00.png
2025-11-04,10:11,0,,,,,,,,,,,,,,crop2025-11-04_10-11-00.jpg,1011_boxes_00.png
2025-11-04,11:05,4,,,,,,,,,,,,,,crop2025-11-04_11-05-00.jpg,1105_boxes_04.png
2025-11-04,11:59,14,,,,,,,,,,,,,,crop2025-11-04_11-59-00.jpg,1159_boxes_14.png
2025-11-04,12:53,45,,,,,,,,,,,,,,crop2025-11-04_12-53-00.jpg,1253_boxes_45.png
2025-11-04,13:47,21,,,,,,,,,,,,,,crop2025-11-04_13-47-00.jpg,1347_boxes_21.png
2025-11-04,14:41,11,,,,,,,,,,,,,,crop2025-11-04_14-41-00.jpg,1441_boxes_11.png
2025-11-04,15:35,17,,,,,,,,,,,,,,crop2025-11-04_15-35-00.jpg,1535_boxes_17.png
2025-11-04,16:29,20,,,,,,,,,,,,,,crop2025-11-04_16-29-00.jpg,1629_boxes_20.png
2025-11-04,17:23,9,,,,,,,,,,,,,,crop2025-11-04_17-23-00.jpg,1723_boxes_09.png
2025-12-02,07:56,0,,,,,,,,,,,,,,crop2025-12-02_07-56-00.jpg,0756_boxes_00.png
2025-12-02,08:50,0,,,,,,,,,,,,,,crop2025-12-02_08-50-00.jpg,0850_boxes_00.png
2025-12-02,09:44,0,,,,,,,,,,,,,,crop2025-12-02_09-44-00.jpg,0944_boxes_00.png
2025-12-02,10:38,5,,,,,,,,,,,,,,crop2025-12-02_10-38-00.jpg,1038_boxes_05.png
2025-12-02,11:32,24,,,,,,,,,,,,,,crop2025-12-02_11-32-00.jpg,1132_boxes_24.png
2025-12-02,12:26,18,,,,,,,,,,,,,,crop2025-12-02_12-26-00.jpg,1226_boxes_18.png
2025-12-02,13:20,17,,,,,,,,,,,,,,crop2025-12-02_13-20-00.jpg,1320_boxes_17.png
2025-12-02,14:14,12,,,,,,,,,,,,,,crop2025-12-02_14-14-00.jpg,1414_boxes_12.png
2025-12-02,15:08,21,,,,,,,,,,,,,,crop2025-12-02_15-08-00.jpg,1508_boxes_21.png
2025-12-02,16:02,28,,,,,,,,,,,,,,crop2025-12-02_16-02-00.jpg,1602_boxes_28.png
2025-12-02,16:56,25,,,,,,,,,,,,,,crop2025-12-02_16-56-00.jpg,1656_boxes_25.png
2026-03-12,07:29,4,,,,,,,,,,,,,,crop2026-03-12_07-29-00.jpg,0729_boxes_04.png
2026-03-12,08:23,10,,,,,,,,,,,,,,crop2026-03-12_08-23-00.jpg,0823_boxes_10.png
2026-03-12,09:17,26,,,,,,,,,,,,,,crop2026-03-12_09-17-00.jpg,0917_boxes_26.png
2026-03-12,10:11,26,,,,,,,,,,,,,,crop2026-03-12_10-11-00.jpg,1011_boxes_26.png
2026-03-12,11:05,29,,,,,,,,,,,,,,crop2026-03-12_11-05-00.jpg,1105_boxes_29.png
2026-03-12,11:59,31,,,,,,,,,,,,,,crop2026-03-12_11-59-00.jpg,1159_boxes_31.png
2026-03-12,12:53,18,,,,,,,,,,,,,,crop2026-03-12_12-53-00.jpg,1253_boxes_18.png
2026-03-12,13:47,23,,,,,,,,,,,,,,crop2026-03-12_13-47-00.jpg,1347_boxes_23.png
2026-03-12,14:41,27,,,,,,,,,,,,,,crop2026-03-12_14-41-00.jpg,1441_boxes_27.png
2026-03-12,15:35,38,,,,,,,,,,,,,,crop2026-03-12_15-35-00.jpg,1535_boxes_38.png
2026-03-12,16:29,34,,,,,,,,,,,,,,crop2026-03-12_16-29-00.jpg,1629_boxes_34.png
2026-03-12,17:23,38,,,,,,,,,,,,,,crop2026-03-12_17-23-00.jpg,1723_boxes_38.png
2026-03-12,18:17,40,,,,,,,,,,,,,,crop2026-03-12_18-17-00.jpg,1817_boxes_40.png
2026-03-12,19:11,30,,,,,,,,,,,,,,crop2026-03-12_19-11-00.jpg,1911_boxes_30.png
2026-07-25,06:17,17,,,,,,,,,,,,,,crop2026-07-25_06-17-00.jpg,0617_boxes_17.png
2026-07-25,07:11,53,,,,,,,,,,,,,,crop2026-07-25_07-11-00.jpg,0711_boxes_53.png
2026-07-25,08:05,70,,,,,,,,,,,,,,crop2026-07-25_08-05-00.jpg,0805_boxes_70.png
2026-07-25,08:59,47,,,,,,,,,,,,,,crop2026-07-25_08-59-00.jpg,0859_boxes_47.png
2026-07-25,09:53,31,,,,,,,,,,,,,,crop2026-07-25_09-53-00.jpg,0953_boxes_31.png
2026-07-25,10:47,47,,,,,,,,,,,,,,crop2026-07-25_10-47-00.jpg,1047_boxes_47.png
2026-07-25,11:41,64,,,,,,,,,,,,,,crop2026-07-25_11-41-00.jpg,1141_boxes_64.png
2026-07-25,12:35,27,,,,,,,,,,,,,,crop2026-07-25_12-35-00.jpg,1235_boxes_27.png
2026-07-25,13:29,31,,,,,,,,,,,,,,crop2026-07-25_13-29-00.jpg,1329_boxes_31.png
2026-07-25,14:23,64,,,,,,,,,,,,,,crop2026-07-25_14-23-00.jpg,1423_boxes_64.png
2026-07-25,15:17,43,,,,,,,,,,,,,,crop2026-07-25_15-17-00.jpg,1517_boxes_43.png
2026-07-25,16:11,38,,,,,,,,,,,,,,crop2026-07-25_16-11-00.jpg,1611_boxes_38.png
2026-07-25,17:05,17,,,,,,,,,,,,,,crop2026-07-25_17-05-00.jpg,1705_boxes_17.png
2026-07-25,17:59,16,,,,,,,,,,,,,,crop2026-07-25_17-59-00.jpg,1759_boxes_16.png
2026-07-25,19:47,0,,,,,,,,,,,,,,crop2026-07-25_19-47-00.jpg,1947_boxes_00.png
2026-08-16,06:35,17,,,,,,,,,,,,,,crop2026-08-16_06-35-00.jpg,0635_boxes_17.png
2026-08-16,07:29,13,,,,,,,,,,,,,,crop2026-08-16_07-29-00.jpg,0729_boxes_13.png
2026-08-16,08:23,56,,,,,,,,,,,,,,crop2026-08-16_08-23-00.jpg,0823_boxes_56.png
2026-08-16,09:17,60,,,,,,,,,,,,,,crop2026-08-16_09-17-00.jpg,0917_boxes_60.png
2026-08-16,10:11,70,,,,,,,,,,,,,,crop2026-08-16_10-11-00.jpg,1011_boxes_70.png
2026-08-16,11:05,42,,,,,,,,,,,,,,crop2026-08-16_11-05-00.jpg,1105_boxes_42.png
2026-08-16,11:59,46,,,,,,,,,,,,,,crop2026-08-16_11-59-00.jpg,1159_boxes_46.png
2026-08-16,12:53,35,,,,,,,,,,,,,,crop2026-08-16_12-53-00.jpg,1253_boxes_35.png
2026-08-16,13:47,1,,,,,,,,,,,,,,crop2026-08-16_13-47-00.jpg,1347_boxes_01.png
2026-08-16,14:41,2,,,,,,,,,,,,,,crop2026-08-16_14-41-00.jpg,1441_boxes_02.png
2026-08-16,15:35,2,,,,,,,,,,,,,,crop2026-08-16_15-35-00.jpg,1535_boxes_02.png
2026-08-16,16:29,19,,,,,,,,,,,,,,crop2026-08-16_16-29-00.jpg,1629_boxes_19.png
2026-08-16,17:23,27,,,,,,,,,,,,,,crop2026-08-16_17-23-00.jpg,1723_boxes_27.png
2026-08-16,18:17,37,,,,,,,,,,,,,,crop2026-08-16_18-17-00.jpg,1817_boxes_37.png
2026-08-16,19:11,34,,,,,,,,,,,,,,crop2026-08-16_19-11-00.jpg,1911_boxes_34.png
2026-08-16,20:05,9,,,,,,,,,,,,,,crop2026-08-16_20-05-00.jpg,2005_boxes_09.png
2026-09-23,07:20,11,10.6,11,1,prone,,,0,,,,,,,crop2026-09-23_07-20-00.jpg,0720_boxes_11.png
2026-09-23,08:14,11,6.5,11,0,,,,0,,,,,,,crop2026-09-23_08-14-00.jpg,0814_boxes_11.png
2026-09-23,09:08,11,3.8,10,1,,,,1,1,lens flare spot; very distinct oversat w/ bright red & blue edges,,,,,crop2026-09-23_09-08-00.jpg,0908_boxes_11.png
2026-09-23,10:02,2,4.8,2,0,,,,0,,,,,,,crop2026-09-23_10-02-00.jpg,1002_boxes_02.png
2026-09-23,10:56,2,4.8,2,0,,,,0,,,,,,,crop2026-09-23_10-56-00.jpg,1056_boxes_02.png
2026-09-23,11:50,10,7.6,8,0,,,,2,"2,3",heads of people on shore (bottom center),,,,,crop2026-09-23_11-50-00.jpg,1150_boxes_10.png
2026-09-23,12:44,21,18.9,21,0,,,,0,,,,,,,crop2026-09-23_12-44-00.jpg,1244_boxes_21.png
2026-09-23,13:38,36,21.4,36,2,2 prone,,,0,,,,,,,crop2026-09-23_13-38-00.jpg,1338_boxes_36.png
2026-09-23,14:32,33,24.7,33,1,prone,,,0,,,,,,,crop2026-09-23_14-32-00.jpg,1432_boxes_33.png
2026-09-23,15:26,27,24.4,26,2,1 prone; 1 sitting,26,,1,3,wind sock,,,,The 2 false negatives sit inside box 26 (there are 3 surfers total),crop2026-09-23_15-26-00.jpg,1526_boxes_27.png
2026-09-23,16:20,23,24.5,23,1,prone,,,0,,,,,,,crop2026-09-23_16-20-00.jpg,1620_boxes_23.png
2026-09-23,17:14,12,18.2,12,0,,,,0,,,,,,,crop2026-09-23_17-14-00.jpg,1714_boxes_12.png
2026-09-23,18:08,8,17.5,8,0,,,,0,,,,,,,crop2026-09-23_18-08-00.jpg,1808_boxes_08.png
2026-09-23,19:02,3,0.7,3,1,prone,,,0,,,,,,low light & somewhat hazy; not certain 2 is a surfer.,crop2026-09-23_19-02-00.jpg,1902_boxes_03.png
2026-09-24,06:26,10,5.4,10,1,prone,,,,,,,,,,crop2026-09-24_06-26-00.jpg,0626_boxes_10.png
2026-09-24,07:20,15,9.2,15,1,prone,,,,,,,,,,crop2026-09-24_07-20-00.jpg,0720_boxes_15.png
2026-09-24,08:14,10,10.5,10,0,,,,,,,,,,,crop2026-09-24_08-14-00.jpg,0814_boxes_10.png
2026-09-24,09:08,7,5.8,7,0,,,,,,,,,,,crop2026-09-24_09-08-00.jpg,0908_boxes_07.png
2026-09-24,10:02,2,3.0,1,0,,,,1,1,sun reflection spot on water,,,,,crop2026-09-24_10-02-00.jpg,1002_boxes_02.png
2026-09-24,10:56,1,3.0,1,0,,,,,,,,,,,crop2026-09-24_10-56-00.jpg,1056_boxes_01.png
2026-09-24,11:50,5,5.6,5,0,,,,,,,,,,,crop2026-09-24_11-50-00.jpg,1150_boxes_05.png
2026-09-24,12:44,5,10.5,5,0,,,,,,,,,,,crop2026-09-24_12-44-00.jpg,1244_boxes_05.png
2026-09-24,13:38,10,21.3,10,2,1 prone; 1 sitting,,,,,,,,,,crop2026-09-24_13-38-00.jpg,1338_boxes_10.png
2026-09-24,14:32,27,24.5,26,1,1 prone,1,,1,4,,,,,,crop2026-09-24_14-32-00.jpg,1432_boxes_27.png
2026-09-24,15:26,15,24.9,15,2,2 prone,,,,,,,13; 2,,,crop2026-09-24_15-26-00.jpg,1526_boxes_15.png
2026-09-24,16:20,23,25.2,23,1,prone,,,,,,,,1,,crop2026-09-24_16-20-00.jpg,1620_boxes_23.png
2026-09-24,17:14,15,23.0,15,0,,,,,,,,,,,crop2026-09-24_17-14-00.jpg,1714_boxes_15.png
2026-09-24,18:08,20,17.2,19,4,2 standing; 2 prone,,,1,1,2 boxes (1 and 2) on one surfer,,,,One of the standing surfers missed is at the bottom edge cut off at knee level.,crop2026-09-24_18-08-00.jpg,1808_boxes_20.png
2026-09-24,19:02,8,9.7,8,0,,,,,,,,,,,crop2026-09-24_19-02-00.jpg,1902_boxes_08.png
2026-09-25,06:26,2,9.1,2,7,7 prone,,5,,,,,,,grainy low light image,crop2026-09-25_06-26-00.jpg,0626_boxes_02.png
2026-09-25,07:20,14,16.5,14,1,1 prone,,,,,,,,,,crop2026-09-25_07-20-00.jpg,0720_boxes_14.png
2026-09-25,08:14,18,15.1,18,0,,,,,,,,,,,crop2026-09-25_08-14-00.jpg,0814_boxes_18.png
2026-09-25,09:08,1,5.0,1,0,,,,,,,,,,contains a lens flare but was not boxed,crop2026-09-25_09-08-00.jpg,0908_boxes_01.png
2026-09-25,10:02,0,0.9,0,0,,,,,,,,,,,crop2026-09-25_10-02-00.jpg,1002_boxes_00.png
2026-09-25,10:56,0,0.9,0,0,,,,,,,,,,,crop2026-09-25_10-56-00.jpg,1056_boxes_00.png
2026-09-25,11:50,2,1.2,2,0,,,,,,,,,,,crop2026-09-25_11-50-00.jpg,1150_boxes_02.png
2026-09-25,12:44,5,4.3,5,0,,,,,,,,,,,crop2026-09-25_12-44-00.jpg,1244_boxes_05.png
2026-09-25,13:38,23,20.1,23,3,3 prone,23,,,,,,,,,crop2026-09-25_13-38-00.jpg,1338_boxes_23.png
2026-09-25,14:32,29,26.2,29,5,2 sitting; 3 prone,21; 23,,,,,,,,,crop2026-09-25_14-32-00.jpg,1432_boxes_29.png
2026-09-25,15:26,23,26.0,23,0,,,,,,,,5,,box 5 is standing,crop2026-09-25_15-26-00.jpg,1526_boxes_23.png
2026-09-25,16:20,37,26.0,37,3,3 prone,,,,,,,8;10;31,,"boxes 8, 10, and 31 are standing surfers",crop2026-09-25_16-20-00.jpg,1620_boxes_37.png
2026-09-25,17:14,26,24.9,25,2,2 prone,,,1,1,2 people swimming (no black wetsuits) can our object detector use color?,,,,,crop2026-09-25_17-14-00.jpg,1714_boxes_26.png
2026-09-25,18:08,19,23.0,18,2,2 prone,,,1,3,2 boxes (box 2 and 3) both on 1 surfer; not overlapping,,,,,crop2026-09-25_18-08-00.jpg,1808_boxes_19.png
2026-09-25,19:02,24,14.0,24,0,,,,,,,,,,,crop2026-09-25_19-02-00.jpg,1902_boxes_24.png
2026-09-26,06:26,4,9.4,4,1,1 sitting,4,1,0,,,4,,,box 4 could be 2 sitting surfers,crop2026-09-26_06-26-00.jpg,0626_boxes_04.png
2026-09-26,07:20,15,18.3,15,2,2 prone,2,0,0,,,,,,missed 1 (no box); box 2 has 2 prone surfers,crop2026-09-26_07-20-00.jpg,0720_boxes_15.png
2026-09-26,08:14,19,19.8,18,2,2 prone,,0,1,19,tree bough,,,,,crop2026-09-26_08-14-00.jpg,0814_boxes_19.png
2026-09-26,09:08,13,7.3,13,1,1 prone,10,0,0,,,,,,box 10 has 2 surfers (missed 1 is prone),crop2026-09-26_09-08-00.jpg,0908_boxes_13.png
2026-09-26,10:02,3,2.4,3,6,2 sitting; 4 prone,,0,0,,,,,,,crop2026-09-26_10-02-00.jpg,1002_boxes_03.png
2026-09-26,10:56,3,2.4,3,3,3 prone,,0,0,,,,,,,crop2026-09-26_10-56-00.jpg,1056_boxes_03.png
2026-09-26,11:50,1,2.4,0,0,,,,1,1,head of person on shore (bottom of image),1,,,only 60% certain that's a head not a surfer,crop2026-09-26_11-50-00.jpg,1150_boxes_01.png
2026-09-26,12:44,2,2.9,2,0,,,0,0,,,,,,,crop2026-09-26_12-44-00.jpg,1244_boxes_02.png
2026-09-26,13:38,8,13.5,8,2,2 prone,2;3,0,0,,,,3;7,,box 2 has 2; box 3 has 2; box 3 and box 7 contain standing surfers.,crop2026-09-26_13-38-00.jpg,1338_boxes_08.png
2026-09-26,14:32,40,29.2,39,4,4 prone,,0,1,16,on shore person's head (bottom of image),,,,,crop2026-09-26_14-32-00.jpg,1432_boxes_40.png
2026-09-26,15:26,45,32.4,45,0,,,,0,,,,,,,crop2026-09-26_15-26-00.jpg,1526_boxes_45.png
2026-09-26,16:20,37,31.7,36,4,4 prone,3;18;37,,1,16,1 surfer with 2 overlapping boxes,,,,box 18 has 2; box 3 has 2; box 37 has 2,crop2026-09-26_16-20-00.jpg,1620_boxes_37.png
2026-09-26,17:14,34,27.8,34,4,4 prone,,,,,,,9;22,,box 9 and 22 are standing surfers.,crop2026-09-26_17-14-00.jpg,1714_boxes_34.png
2026-09-26,18:08,23,27.7,23,0,,,,,,,,,,,crop2026-09-26_18-08-00.jpg,1808_boxes_23.png
2026-09-26,19:02,11,19.4,10,2,1 sitting; 1 prone,,,1,10,tree bough but could be surfer,10,,,1 missed sitting surfer is on bottom edge,crop2026-09-26_19-02-00.jpg,1902_boxes_11.png
2026-09-27,06:35,9,9.0,9,2,2 prone,,,,,,,,,1 of missed is edge-truncated,crop2026-09-27_06-35-00.jpg,0635_boxes_09.png
2026-09-27,07:29,33,20.6,31,2,2 prone,,,2,1;2,on shore heads,,,,,crop2026-09-27_07-29-00.jpg,0729_boxes_33.png
2026-09-27,08:23,28,22.6,27,0,,,,1,8,on shore head,,,,,crop2026-09-27_08-23-00.jpg,0823_boxes_28.png
2026-09-27,09:17,13,10.4,13,0,,,,,,,,,,,crop2026-09-27_09-17-00.jpg,0917_boxes_13.png
2026-09-27,10:11,3,3.1,3,0,,,,,,,,,,,crop2026-09-27_10-11-00.jpg,1011_boxes_03.png
2026-09-27,11:05,8,2.9,8,0,,,,,,,,,,,crop2026-09-27_11-05-00.jpg,1105_boxes_08.png
2026-09-27,11:59,1,2.9,1,0,,,,,,,,,,,crop2026-09-27_11-59-00.jpg,1159_boxes_01.png
2026-09-27,12:53,0,2.9,0,0,,,,,,,,,,,crop2026-09-27_12-53-00.jpg,1253_boxes_00.png
2026-09-27,13:47,1,4.5,1,0,,,,,,,,,,,crop2026-09-27_13-47-00.jpg,1347_boxes_01.png
2026-09-27,15:35,32,32.8,32,10,1 standing; 1 sitting; 8 prone,,,,,,,8;15;11;31,,,crop2026-09-27_15-35-00.jpg,1535_boxes_32.png
2026-09-27,16:29,29,33.6,29,4,2 prone; 2 unknown,,,,,,,,,,crop2026-09-27_16-29-00.jpg,1629_boxes_29.png
2026-09-27,17:23,39,30.4,39,15,6 sitting; 9 prone,,,,,,,5,,,crop2026-09-27_17-23-00.jpg,1723_boxes_39.png
2026-09-27,18:17,26,31.3,26,5,5 prone,5,2,,,,,9; 24,,,crop2026-09-27_18-17-00.jpg,1817_boxes_26.png
2026-09-27,19:11,8,23.2,8,2,2 prone,,,,,,2,,,low light grainy,crop2026-09-27_19-11-00.jpg,1911_boxes_08.png
2026-09-28,06:35,3,6.3,,,,,,,,,,,,,crop2026-09-28_06-35-00.jpg,0635_boxes_03.png
2026-09-28,07:29,10,15.7,,,,,,,,,,,,,crop2026-09-28_07-29-00.jpg,0729_boxes_10.png
2026-09-28,08:23,14,16.1,,,,,,,,,,,,,crop2026-09-28_08-23-00.jpg,0823_boxes_14.png
2026-09-28,09:17,4,11.7,,,,,,,,,,,,,crop2026-09-28_09-17-00.jpg,0917_boxes_04.png
2026-09-28,10:11,2,1.7,,,,,,,,,,,,,crop2026-09-28_10-11-00.jpg,1011_boxes_02.png
2026-09-28,11:05,1,1.3,,,,,,,,,,,,,crop2026-09-28_11-05-00.jpg,1105_boxes_01.png
2026-09-28,11:59,0,1.3,,,,,,,,,,,,,crop2026-09-28_11-59-00.jpg,1159_boxes_00.png
2026-09-28,12:53,0,1.4,,,,,,,,,,,,,crop2026-09-28_12-53-00.jpg,1253_boxes_00.png
2026-09-28,13:47,0,2.2,,,,,,,,,,,,,crop2026-09-28_13-47-00.jpg,1347_boxes_00.png
2026-09-28,14:41,8,8.4,,,,,,,,,,,,,crop2026-09-28_14-41-00.jpg,1441_boxes_08.png
2026-09-28,15:35,27,22.2,,,,,,,,,,,,,crop2026-09-28_15-35-00.jpg,1535_boxes_27.png
2026-09-28,16:29,33,20.9,,,,,,,,,,,,,crop2026-09-28_16-29-00.jpg,1629_boxes_33.png
2026-09-28,17:23,17,23.8,,,,,,,,,,,,,crop2026-09-28_17-23-00.jpg,1723_boxes_17.png
2026-09-28,18:17,21,22.3,,,,,,,,,,,,,crop2026-09-28_18-17-00.jpg,1817_boxes_21.png
2026-09-28,19:11,3,16.8,,,,,,,,,,,,,crop2026-09-28_19-11-00.jpg,1911_boxes_03.png
2026-09-29,06:35,9,8.4,,,,,,,,,,,,,crop2026-09-29_06-35-00.jpg,0635_boxes_09.png
2026-09-29,07:29,25,17.3,,,,,,,,,,,,,crop2026-09-29_07-29-00.jpg,0729_boxes_25.png
2026-09-29,08:23,10,18.1,,,,,,,,,,,,,crop2026-09-29_08-23-00.jpg,0823_boxes_10.png
2026-09-29,09:17,9,12.8,,,,,,,,,,,,,crop2026-09-29_09-17-00.jpg,0917_boxes_09.png
2026-09-29,10:11,6,6.7,,,,,,,,,,,,,crop2026-09-29_10-11-00.jpg,1011_boxes_06.png
2026-09-29,11:05,1,1.8,,,,,,,,,,,,,crop2026-09-29_11-05-00.jpg,1105_boxes_01.png
2026-09-29,11:59,1,1.8,,,,,,,,,,,,,crop2026-09-29_11-59-00.jpg,1159_boxes_01.png
2026-09-29,12:53,1,1.9,,,,,,,,,,,,,crop2026-09-29_12-53-00.jpg,1253_boxes_01.png
2026-09-29,13:47,0,1.6,,,,,,,,,,,,,crop2026-09-29_13-47-00.jpg,1347_boxes_00.png
2026-09-29,14:41,2,2.3,,,,,,,,,,,,,crop2026-09-29_14-41-00.jpg,1441_boxes_02.png
2026-09-29,15:35,19,14.3,,,,,,,,,,,,,crop2026-09-29_15-35-00.jpg,1535_boxes_19.png
2026-09-29,16:29,22,24.7,,,,,,,,,,,,,crop2026-09-29_16-29-00.jpg,1629_boxes_22.png
2026-09-29,17:23,29,23.2,,,,,,,,,,,,,crop2026-09-29_17-23-00.jpg,1723_boxes_29.png
2026-09-29,18:17,8,22.5,,,,,,,,,,,,,crop2026-09-29_18-17-00.jpg,1817_boxes_08.png
2026-09-29,19:11,7,16.8,,,,,,,,,,,,,crop2026-09-29_19-11-00.jpg,1911_boxes_07.png
2026-10-01,06:35,1,3.4,n/a,n/a,,,,,,,,,,pure noise - unusable,crop2026-10-01_06-35-00.jpg,0635_boxes_01.png
2026-10-01,07:29,3,11.4,n/a,n/a,,,,,,,,,,left half is unusable; right half has surfers; unusable except for r&d,crop2026-10-01_07-29-00.jpg,0729_boxes_03.png
2026-10-01,08:23,2,13.0,n/a,n/a,,,,,,,,,,condensation on left half only; unusable except r&d,crop2026-10-01_08-23-00.jpg,0823_boxes_02.png
2026-10-01,09:17,4,13.5,4,0,,,,,,,,,,,crop2026-10-01_09-17-00.jpg,0917_boxes_04.png
2026-10-01,10:11,7,7.7,6,0,,,,1,1,droplet on lens (white oval w/ black edge),,,,,crop2026-10-01_10-11-00.jpg,1011_boxes_07.png
2026-10-01,11:05,1,3.6,1,0,,,,,,,,,,,crop2026-10-01_11-05-00.jpg,1105_boxes_01.png
2026-10-01,11:59,1,3.6,1,0,,,,,,,1,,,could be a person on shore,crop2026-10-01_11-59-00.jpg,1159_boxes_01.png
2026-10-01,12:53,0,1.4,0,0,,,,,,,,,,,crop2026-10-01_12-53-00.jpg,1253_boxes_00.png
2026-10-01,13:47,0,1.1,0,0,,,,,,,,,,,crop2026-10-01_13-47-00.jpg,1347_boxes_00.png
2026-10-01,14:41,1,1.2,0,0,,,,1,1,small wave crest,,,,,crop2026-10-01_14-41-00.jpg,1441_boxes_01.png
2026-10-01,15:35,0,1.1,0,0,,,,,,,,,,,crop2026-10-01_15-35-00.jpg,1535_boxes_00.png
2026-10-01,16:29,3,2.5,3,0,,,,,,,,,,,crop2026-10-01_16-29-00.jpg,1629_boxes_03.png
2026-10-01,17:23,9,18.8,9,2,2 prone,,,,,,,,,left side where missed is slightly foggier,crop2026-10-01_17-23-00.jpg,1723_boxes_09.png
2026-10-01,18:17,23,19.2,23,1,1 prone,,,,,,,,,,crop2026-10-01_18-17-00.jpg,1817_boxes_23.png
2026-10-01,19:11,14,12.7,14,0,,,,,,,,,,,crop2026-10-01_19-11-00.jpg,1911_boxes_14.png
2026-10-02,06:35,0,2.3,na,,,,,,,,,,,pure noise image. Unusable.,crop2026-10-02_06-35-00.jpg,0635_boxes_00.png
2026-10-02,07:29,11,8.8,na,,,,,,,,,,,"left half is blur / condensation / len flare; right has surfers, but will under predict due to left side unusable. Exclude images like this.",crop2026-10-02_07-29-00.jpg,0729_boxes_11.png
2026-10-02,08:23,19,9.7,19,0,,,,,,,,,,,crop2026-10-02_08-23-00.jpg,0823_boxes_19.png
2026-10-02,09:17,16,13.1,16,1,1 prone,,,,,,,,,,crop2026-10-02_09-17-00.jpg,0917_boxes_16.png
2026-10-02,10:11,11,14.3,10,0,,,,1,1,lens flare (oversaturated oval),,,,,crop2026-10-02_10-11-00.jpg,1011_boxes_11.png
2026-10-02,11:05,1,9.4,1,0,,,,,,,,,,,crop2026-10-02_11-05-00.jpg,1105_boxes_01.png
2026-10-02,11:59,0,9.4,0,0,,,,,,,,,,,crop2026-10-02_11-59-00.jpg,1159_boxes_00.png
2026-10-02,12:53,4,3.4,2,0,,,,2,1; 2,unknown,,,,image has low contrast; objects are small and grainy,crop2026-10-02_12-53-00.jpg,1253_boxes_04.png
2026-10-02,13:47,1,1.6,0,0,,,,1,1,,,,,,crop2026-10-02_13-47-00.jpg,1347_boxes_01.png
2026-10-02,14:41,0,1.0,0,0,,,,,,,,,,,crop2026-10-02_14-41-00.jpg,1441_boxes_00.png
2026-10-02,15:35,0,0.8,0,0,,,,,,,,,,,crop2026-10-02_15-35-00.jpg,1535_boxes_00.png
2026-10-02,16:29,1,0.8,1,0,,,,,,,,,,,crop2026-10-02_16-29-00.jpg,1629_boxes_01.png
2026-10-02,17:23,0,2.3,0,0,,,,,,,,,,,crop2026-10-02_17-23-00.jpg,1723_boxes_00.png
2026-10-02,18:17,12,17.0,11,0,,,,1,2,head of person on shore (bottom of image),,,,,crop2026-10-02_18-17-00.jpg,1817_boxes_12.png
2026-10-02,19:11,10,15.9,9,5,2 sitting; 3 prone,,,1,1,head of person on shore (bottom of image),,,,,crop2026-10-02_19-11-00.jpg,1911_boxes_10.png
2026-10-03,06:35,1,2.5,,,,,,,,,,,,,crop2026-10-03_06-35-00.jpg,0635_boxes_01.png
2026-10-03,07:29,6,8.0,,,,,,,,,,,,,crop2026-10-03_07-29-00.jpg,0729_boxes_06.png
2026-10-03,08:23,10,10.7,,,,,,,,,,,,,crop2026-10-03_08-23-00.jpg,0823_boxes_10.png
2026-10-03,09:17,17,22.5,,,,,,,,,,,,,crop2026-10-03_09-17-00.jpg,0917_boxes_17.png
2026-10-03,10:11,18,25.8,,,,,,,,,,,,,crop2026-10-03_10-11-00.jpg,1011_boxes_18.png
2026-10-03,11:05,15,25.2,,,,,,,,,,,,,crop2026-10-03_11-05-00.jpg,1105_boxes_15.png
2026-10-03,11:59,18,25.2,,,,,,,,,,,,,crop2026-10-03_11-59-00.jpg,1159_boxes_18.png
2026-10-03,12:53,15,13.8,,,,,,,,,,,,,crop2026-10-03_12-53-00.jpg,1253_boxes_15.png
2026-10-03,13:47,8,8.7,,,,,,,,,,,,,crop2026-10-03_13-47-00.jpg,1347_boxes_08.png
2026-10-03,14:41,0,1.7,,,,,,,,,,,,,crop2026-10-03_14-41-00.jpg,1441_boxes_00.png
2026-10-03,15:35,0,0.0,,,,,,,,,,,,,crop2026-10-03_15-35-00.jpg,1535_boxes_00.png
2026-10-03,16:29,1,0.0,,,,,,,,,,,,,crop2026-10-03_16-29-00.jpg,1629_boxes_01.png
2026-10-03,17:23,1,0.0,,,,,,,,,,,,,crop2026-10-03_17-23-00.jpg,1723_boxes_01.png
2026-10-03,18:17,0,1.8,,,,,,,,,,,,,crop2026-10-03_18-17-00.jpg,1817_boxes_00.png
2026-10-03,19:11,0,7.4,,,,,,,,,,,,,crop2026-10-03_19-11-00.jpg,1911_boxes_00.png
