clip_time,offset_min,frame,frame_sec,count,lap_var,brightness,quality_ok,reason,foam_px,foam_top,foam_lineup,foam_inshore,foam_pct
17:49,-28,1,1.0,28,116.1,82.3,True,ok,188,74,59,55,0.082
17:49,-28,2,2.5,26,98.5,82.2,True,ok,203,50,59,94,0.088
17:49,-28,3,4.0,27,94.3,82.2,True,ok,102,35,54,13,0.044
17:53,-24,1,1.0,16,291.8,93.6,True,ok,12946,4,445,12497,5.619
17:53,-24,2,2.5,17,255.3,92.8,True,ok,11704,107,313,11284,5.08
17:53,-24,3,4.0,22,187.4,93.0,True,ok,8893,7,1972,6914,3.86
17:57,-20,1,1.0,16,123.3,88.9,True,ok,3211,2,28,3181,1.394
17:57,-20,2,2.5,16,127.1,89.9,True,ok,5020,0,35,4985,2.179
17:57,-20,3,4.0,17,91.8,87.4,True,ok,1083,3,161,919,0.47
18:01,-16,1,1.0,21,212.8,88.1,True,ok,4793,11,24,4758,2.08
18:01,-16,2,2.5,17,203.3,89.1,True,ok,7482,19,13,7450,3.247
18:01,-16,3,4.0,17,101.4,86.3,True,ok,272,9,15,248,0.118
18:05,-12,1,1.0,21,118.1,85.9,True,ok,1113,26,29,1058,0.483
18:05,-12,2,2.5,21,107.7,86.2,True,ok,2418,46,26,2346,1.049
18:05,-12,3,4.0,21,81.5,85.3,True,ok,122,57,46,19,0.053
18:09,-8,1,1.0,12,103.8,85.3,True,ok,85,26,8,51,0.037
18:09,-8,2,2.5,15,87.3,85.4,True,ok,122,19,5,98,0.053
18:09,-8,3,4.0,16,74.9,84.4,True,ok,80,29,28,23,0.035
18:13,-4,1,1.0,15,90.7,83.3,True,ok,33,27,4,2,0.014
18:13,-4,2,2.5,14,70.9,83.8,True,ok,17,6,7,4,0.007
18:13,-4,3,4.0,13,65.5,84.5,True,ok,50,42,6,2,0.022
18:17,0,1,1.0,9,187.9,92.7,True,ok,9805,230,3773,5802,4.256
18:17,0,2,2.5,11,139.0,92.2,True,ok,8114,240,3733,4141,3.522
18:17,0,3,4.0,5,172.8,94.4,True,ok,8464,11,2381,6072,3.674
18:21,4,1,1.0,9,139.7,93.4,True,ok,3372,0,565,2807,1.464
18:21,4,2,2.5,12,109.5,93.8,True,ok,3289,0,776,2513,1.428
18:21,4,3,4.0,10,118.7,92.4,True,ok,2558,0,1,2557,1.11
18:25,8,1,1.0,8,105.8,88.1,True,ok,41,10,6,25,0.018
18:25,8,2,2.5,9,86.9,88.5,True,ok,16,13,1,2,0.007
18:25,8,3,4.0,9,87.2,88.9,True,ok,507,6,500,1,0.22
18:29,12,1,1.0,10,102.9,90.1,True,ok,392,2,0,390,0.17
18:29,12,2,2.5,11,80.6,90.3,True,ok,272,2,2,268,0.118
18:29,12,3,4.0,9,73.7,88.8,True,ok,4,2,2,0,0.002
18:33,16,1,1.0,10,97.7,88.2,True,ok,18,12,6,0,0.008
18:33,16,2,2.5,9,80.6,88.4,True,ok,10,8,2,0,0.004
18:33,16,3,4.0,13,75.1,88.1,True,ok,6,4,2,0,0.003
18:37,20,1,1.0,14,90.9,83.7,True,ok,42,42,0,0,0.018
18:37,20,2,2.5,13,76.4,83.8,True,ok,26,26,0,0,0.011
18:37,20,3,4.0,14,72.2,83.1,True,ok,9,9,0,0,0.004
18:41,24,1,1.0,13,98.2,85.8,True,ok,10,10,0,0,0.004
18:41,24,2,2.5,14,82.4,86.0,True,ok,2,2,0,0,0.001
18:41,24,3,4.0,14,84.5,85.7,True,ok,2,2,0,0,0.001
18:45,28,1,1.0,7,86.5,87.2,True,ok,7,5,2,0,0.003
18:45,28,2,2.5,13,74.9,87.2,True,ok,2,2,0,0,0.001
18:45,28,3,4.0,10,68.1,86.9,True,ok,3,0,0,3,0.001
