filename,source_set,your_label,image,brightness,lap_var,contrast_p95,sigma_w1,dead_frac,confirm,notes
crop2025-10-12_06-26-00.jpg,bookend,no,unusable/bookend_2025-10-12_06-26-00.jpg,65.1,254.0,6.25,4.94,0.0,,
crop2025-11-16_05-50-00.jpg,bookend,no,unusable/bookend_2025-11-16_05-50-00.jpg,6.0,1.1,0.88,0.37,0.991,,
crop2025-12-06_06-08-00.jpg,bookend,no,unusable/bookend_2025-12-06_06-08-00.jpg,56.2,713.5,10.42,8.38,0.0,,
crop2026-07-17_05-23-00.jpg,bookend,no,unusable/bookend_2026-07-17_05-23-00.jpg,73.6,298.9,7.28,5.63,0.0,,
crop2026-08-01_05-32-00.jpg,bookend,no,unusable/bookend_2026-08-01_05-32-00.jpg,82.1,773.4,10.47,8.58,0.0,,
crop2026-08-04_05-32-00.jpg,bookend,no,unusable/bookend_2026-08-04_05-32-00.jpg,73.7,496.1,9.19,7.28,0.0,,
crop2025-11-09_05-50-00.jpg,bookend,yes,usable/bookend_2025-11-09_05-50-00.jpg,55.3,197.8,15.69,6.2,0.0,,
crop2026-03-14_06-35-00.jpg,bookend,yes,usable/bookend_2026-03-14_06-35-00.jpg,64.0,399.8,19.28,8.18,0.0,,
crop2026-05-07_19-47-00.jpg,bookend,yes,usable/bookend_2026-05-07_19-47-00.jpg,70.1,2197.3,25.16,17.62,0.0,,
crop2026-07-25_19-47-00.jpg,bookend,yes,usable/bookend_2026-07-25_19-47-00.jpg,77.4,160.0,10.92,5.13,0.02,,
crop2026-08-08_20-05-00.jpg,bookend,yes,usable/bookend_2026-08-08_20-05-00.jpg,87.4,31.8,3.13,1.83,0.098,,
crop2026-08-11_20-05-00.jpg,bookend,yes,usable/bookend_2026-08-11_20-05-00.jpg,92.2,733.0,18.23,10.62,0.0,,
crop2025-10-12_08-14-00.jpg,bright_fog,no,unusable/bright_fog_2025-10-12_08-14-00.jpg,100.4,241.4,12.22,5.84,0.041,,
crop2025-10-21_07-20-00.jpg,bright_fog,no,unusable/bright_fog_2025-10-21_07-20-00.jpg,117.2,23.8,1.77,1.62,0.738,,
crop2025-10-25_11-59-00.jpg,bright_fog,no,unusable/bright_fog_2025-10-25_11-59-00.jpg,105.3,68.3,8.45,3.28,0.174,,
crop2025-11-03_07-29-00.jpg,bright_fog,no,unusable/bright_fog_2025-11-03_07-29-00.jpg,106.4,55.9,4.27,2.82,0.266,,
crop2025-11-07_15-35-00.jpg,bright_fog,no,unusable/bright_fog_2025-11-07_15-35-00.jpg,109.7,24.1,1.95,1.73,0.786,,
crop2026-05-07_08-05-00.jpg,bright_fog,no,unusable/bright_fog_2026-05-07_08-05-00.jpg,108.6,38.3,4.59,2.45,0.442,,
crop2026-05-08_08-05-00.jpg,bright_fog,no,unusable/bright_fog_2026-05-08_08-05-00.jpg,110.3,137.8,12.8,5.02,0.517,,
crop2026-07-17_07-11-00.jpg,bright_fog,no,unusable/bright_fog_2026-07-17_07-11-00.jpg,104.6,11.4,2.25,1.09,0.811,,
crop2026-07-19_08-05-00.jpg,bright_fog,no,unusable/bright_fog_2026-07-19_08-05-00.jpg,99.1,11.1,3.01,1.03,0.678,,
crop2026-07-20_08-59-00.jpg,bright_fog,no,unusable/bright_fog_2026-07-20_08-59-00.jpg,99.9,15.1,3.51,1.26,0.568,,
crop2026-07-22_07-11-00.jpg,bright_fog,no,unusable/bright_fog_2026-07-22_07-11-00.jpg,125.5,15.0,3.11,1.34,0.61,,
crop2026-07-27_09-08-00.jpg,bright_fog,no,unusable/bright_fog_2026-07-27_09-08-00.jpg,108.3,16.9,2.04,1.23,0.657,,
crop2026-07-28_08-14-00.jpg,bright_fog,no,unusable/bright_fog_2026-07-28_08-14-00.jpg,112.1,9.0,1.74,0.9,0.884,,
crop2026-08-02_06-26-00.jpg,bright_fog,no,unusable/bright_fog_2026-08-02_06-26-00.jpg,110.8,15.4,2.32,1.17,0.656,,
crop2026-08-03_07-20-00.jpg,bright_fog,no,unusable/bright_fog_2026-08-03_07-20-00.jpg,105.9,8.5,1.5,0.88,0.95,,
crop2026-08-09_06-35-00.jpg,bright_fog,no,unusable/bright_fog_2026-08-09_06-35-00.jpg,120.4,11.6,3.64,1.13,0.331,,
crop2026-08-16_06-35-00.jpg,bright_fog,no,unusable/bright_fog_2026-08-16_06-35-00.jpg,106.7,18.9,3.49,1.32,0.524,,
crop2025-10-30_10-11-00.jpg,bright_fog,yes,usable/bright_fog_2025-10-30_10-11-00.jpg,113.1,27.9,1.44,1.93,0.969,,
crop2026-05-09_08-05-00.jpg,bright_fog,yes,usable/bright_fog_2026-05-09_08-05-00.jpg,105.2,111.3,6.36,4.06,0.043,,
crop2026-07-18_06-17-00.jpg,bright_fog,yes,usable/bright_fog_2026-07-18_06-17-00.jpg,110.2,54.8,7.02,2.86,0.263,,
crop2026-07-18_09-53-00.jpg,bright_fog,yes,usable/bright_fog_2026-07-18_09-53-00.jpg,111.5,113.5,17.57,4.6,0.423,,
crop2026-07-23_08-59-00.jpg,bright_fog,yes,usable/bright_fog_2026-07-23_08-59-00.jpg,107.7,39.4,5.96,2.29,0.268,,
crop2026-07-26_06-17-00.jpg,bright_fog,yes,usable/bright_fog_2026-07-26_06-17-00.jpg,100.4,63.1,6.71,2.93,0.093,,
crop2026-08-01_06-26-00.jpg,bright_fog,yes,usable/bright_fog_2026-08-01_06-26-00.jpg,112.4,187.0,15.52,5.5,0.477,,
crop2026-08-01_09-08-00.jpg,bright_fog,yes,usable/bright_fog_2026-08-01_09-08-00.jpg,107.3,19.3,6.34,1.64,0.584,,
crop2026-08-02_10-56-00.jpg,bright_fog,yes,usable/bright_fog_2026-08-02_10-56-00.jpg,114.5,113.9,17.1,4.46,0.365,,
crop2026-08-04_09-08-00.jpg,bright_fog,yes,usable/bright_fog_2026-08-04_09-08-00.jpg,106.0,16.6,2.69,1.35,0.532,,
crop2026-08-04_14-32-00.jpg,bright_fog,yes,usable/bright_fog_2026-08-04_14-32-00.jpg,100.1,132.9,6.72,4.31,0.0,,
crop2026-08-07_10-56-00.jpg,bright_fog,yes,usable/bright_fog_2026-08-07_10-56-00.jpg,103.1,60.5,3.7,2.81,0.016,,
crop2026-08-09_11-59-00.jpg,bright_fog,yes,usable/bright_fog_2026-08-09_11-59-00.jpg,107.5,106.4,12.05,4.27,0.469,,
crop2026-08-10_12-53-00.jpg,bright_fog,yes,usable/bright_fog_2026-08-10_12-53-00.jpg,103.6,56.2,8.27,2.94,0.352,,
crop2026-08-12_13-47-00.jpg,bright_fog,yes,usable/bright_fog_2026-08-12_13-47-00.jpg,99.1,90.1,5.75,3.58,0.04,,
crop2026-08-13_12-53-00.jpg,bright_fog,yes,usable/bright_fog_2026-08-13_12-53-00.jpg,105.4,173.4,10.08,5.18,0.013,,
crop2026-08-17_16-29-00.jpg,bright_fog,yes,usable/bright_fog_2026-08-17_16-29-00.jpg,105.8,147.1,7.98,4.77,0.0,,
crop2025-10-11_06-26-00.jpg,dark_night,no,unusable/dark_night_2025-10-11_06-26-00.jpg,67.7,147.4,5.19,3.85,0.0,,
crop2025-10-15_06-26-00.jpg,dark_night,no,unusable/dark_night_2025-10-15_06-26-00.jpg,26.4,19.0,2.77,1.51,0.306,,
crop2025-11-21_05-59-00.jpg,dark_night,no,unusable/dark_night_2025-11-21_05-59-00.jpg,53.8,244.0,7.3,5.06,0.0,,
crop2026-07-27_05-32-00.jpg,dark_night,no,unusable/dark_night_2026-07-27_05-32-00.jpg,83.9,109.7,4.09,3.13,0.0,,
crop2026-08-09_05-41-00.jpg,dark_night,no,unusable/dark_night_2026-08-09_05-41-00.jpg,70.6,970.4,12.14,9.73,0.0,,
crop2025-12-03_07-02-00.jpg,dark_night,yes,usable/dark_night_2025-12-03_07-02-00.jpg,62.0,2552.5,35.21,19.85,0.001,,
crop2025-12-04_09-44-00.jpg,dark_night,yes,usable/dark_night_2025-12-04_09-44-00.jpg,83.6,2137.6,51.46,19.87,0.001,,
crop2026-05-07_16-11-00.jpg,dark_night,yes,usable/dark_night_2026-05-07_16-11-00.jpg,73.6,1103.2,20.16,11.89,0.0,,
crop2026-07-22_17-05-00.jpg,dark_night,yes,usable/dark_night_2026-07-22_17-05-00.jpg,80.9,407.2,15.06,7.62,0.018,,
crop2026-08-11_16-29-00.jpg,dark_night,yes,usable/dark_night_2026-08-11_16-29-00.jpg,80.6,528.7,20.55,8.9,0.0,,
