date,hour_local,hour,forecast_kind,lead_days,predicted,lower_q10,upper_q90,band_width,actual,actual_clips,error,abs_error,inside_band,weather_simple,tide_ft,in_training_range,forecast_made_at,forecast_file,crowd_level,crowd_label,crowd_band,crowd_level_quantile,crowd_level_value,crowd_level_low,crowd_level_high,n_missing_predictors,missing_predictors
2026-09-23,06:00,6,day_ahead,1,6.3,2.45,16.64,14.190000000000001,,,,,,CLEAR,2.06,True,2026-09-22T17:50:56,forecast_2026-09-23.csv,,,,,,,,,
2026-09-23,07:00,7,day_ahead,1,10.58,1.73,21.93,20.2,12.0,1.0,1.42,1.42,True,CLEAR,2.97,True,2026-09-22T17:50:56,forecast_2026-09-23.csv,,,,,,,,,
2026-09-23,08:00,8,day_ahead,1,6.54,1.19,16.22,15.03,11.0,1.0,4.46,4.46,True,CLEAR,3.77,True,2026-09-22T17:50:56,forecast_2026-09-23.csv,,,,,,,,,
2026-09-23,09:00,9,day_ahead,1,3.75,1.21,9.24,8.030000000000001,11.0,1.0,7.25,7.25,False,CLEAR,4.28,True,2026-09-22T17:50:56,forecast_2026-09-23.csv,,,,,,,,,
2026-09-23,10:00,10,day_ahead,1,4.76,0.95,13.7,12.75,2.0,2.0,-2.76,2.76,True,CLEAR,4.37,True,2026-09-22T17:50:56,forecast_2026-09-23.csv,,,,,,,,,
2026-09-23,11:00,11,day_ahead,1,7.62,3.25,12.98,9.73,10.0,1.0,2.38,2.38,True,CLEAR,4.09,True,2026-09-22T17:50:56,forecast_2026-09-23.csv,,,,,,,,,
2026-09-23,12:00,12,day_ahead,1,18.89,4.7,22.47,17.77,21.0,1.0,2.1099999999999994,2.1099999999999994,True,CLEAR,3.56,True,2026-09-22T17:50:56,forecast_2026-09-23.csv,,,,,,,,,
2026-09-23,13:00,13,day_ahead,1,21.39,5.23,30.65,25.419999999999998,36.0,1.0,14.61,14.61,False,CLEAR,2.96,True,2026-09-22T17:50:56,forecast_2026-09-23.csv,,,,,,,,,
2026-09-23,14:00,14,day_ahead,1,24.73,9.06,32.05,22.989999999999995,33.0,1.0,8.27,8.27,False,CLEAR,2.48,True,2026-09-22T17:50:56,forecast_2026-09-23.csv,,,,,,,,,
2026-09-23,15:00,15,day_ahead,1,24.43,9.58,31.87,22.29,27.0,1.0,2.5700000000000003,2.5700000000000003,True,CLEAR,2.26,True,2026-09-22T17:50:56,forecast_2026-09-23.csv,,,,,,,,,
2026-09-23,16:00,16,day_ahead,1,24.5,9.49,31.03,21.54,23.0,1.0,-1.5,1.5,True,CLEAR,2.37,True,2026-09-22T17:50:56,forecast_2026-09-23.csv,,,,,,,,,
2026-09-23,17:00,17,day_ahead,1,18.18,5.55,26.96,21.41,12.0,1.0,-6.18,6.18,True,CLEAR,2.84,True,2026-09-22T17:50:56,forecast_2026-09-23.csv,,,,,,,,,
2026-09-23,18:00,18,day_ahead,1,17.48,3.09,17.48,14.39,8.0,1.0,-9.48,9.48,True,CLEAR,3.53,True,2026-09-22T17:50:56,forecast_2026-09-23.csv,,,,,,,,,
2026-09-23,19:00,19,day_ahead,1,0.68,0.0,5.05,5.05,4.0,1.0,3.32,3.32,True,CLEAR,4.25,True,2026-09-22T17:50:56,forecast_2026-09-23.csv,,,,,,,,,
2026-09-24,06:00,6,day_ahead,1,5.38,2.42,15.33,12.91,11.0,1.0,5.62,5.62,True,CLEAR,1.75,True,2026-09-23T08:51:55,forecast_2026-09-24.csv,2.0,Quiet,3-8 surfers,0.6,7.87,1.0,3.0,0.0,
2026-09-24,06:00,6,week,1,6.3,3.31,19.87,16.560000000000002,11.0,1.0,4.7,4.7,True,CLEAR,1.75,True,2026-09-23T20:31:54,week_2026-09-23.csv,3.0,Steady,9-16 surfers,0.6,9.69,2.0,4.0,0.0,
2026-09-24,07:00,7,day_ahead,1,9.17,2.07,20.76,18.69,15.0,1.0,5.83,5.83,True,CLEAR,2.71,True,2026-09-23T08:51:55,forecast_2026-09-24.csv,3.0,Steady,9-16 surfers,0.6,12.07,1.0,4.0,0.0,
2026-09-24,07:00,7,week,1,13.06,5.68,28.38,22.7,15.0,1.0,1.9399999999999995,1.9399999999999995,True,CLEAR,2.71,True,2026-09-23T20:31:54,week_2026-09-23.csv,4.0,Busy,17-27 surfers,0.6,16.89,2.0,5.0,0.0,
2026-09-24,08:00,8,day_ahead,1,10.47,4.39,20.62,16.23,10.0,1.0,-0.47000000000000064,0.47000000000000064,True,CLEAR,3.64,True,2026-09-23T08:51:55,forecast_2026-09-24.csv,3.0,Steady,9-16 surfers,0.6,13.01,2.0,4.0,0.0,
2026-09-24,08:00,8,week,1,10.9,4.1,22.42,18.32,10.0,1.0,-0.9000000000000004,0.9000000000000004,True,CLEAR,3.64,True,2026-09-23T20:31:54,week_2026-09-23.csv,3.0,Steady,9-16 surfers,0.6,13.78,2.0,4.0,0.0,
2026-09-24,09:00,9,day_ahead,1,5.75,1.93,13.26,11.33,7.0,1.0,1.25,1.25,True,CLEAR,4.34,True,2026-09-23T08:51:55,forecast_2026-09-24.csv,2.0,Quiet,3-8 surfers,0.6,7.63,1.0,3.0,0.0,
2026-09-24,09:00,9,week,1,5.75,1.91,14.45,12.54,7.0,1.0,1.25,1.25,True,CLEAR,4.34,True,2026-09-23T20:31:54,week_2026-09-23.csv,2.0,Quiet,3-8 surfers,0.6,7.93,1.0,3.0,0.0,
2026-09-24,10:00,10,day_ahead,1,3.02,1.01,5.51,4.5,1.0,2.0,-2.02,2.02,False,CLEAR,4.62,True,2026-09-23T08:51:55,forecast_2026-09-24.csv,2.0,Quiet,3-8 surfers,0.6,3.64,1.0,2.0,0.0,
2026-09-24,10:00,10,week,1,2.98,0.96,6.44,5.48,1.0,2.0,-1.98,1.98,True,CLEAR,4.62,True,2026-09-23T20:31:54,week_2026-09-23.csv,2.0,Quiet,3-8 surfers,0.6,3.85,1.0,2.0,0.0,
2026-09-24,11:00,11,day_ahead,1,5.59,1.01,11.35,10.34,6.0,1.0,0.41000000000000014,0.41000000000000014,True,CLEAR,4.42,True,2026-09-23T08:51:55,forecast_2026-09-24.csv,2.0,Quiet,3-8 surfers,0.6,7.03,1.0,3.0,0.0,
2026-09-24,11:00,11,week,1,6.33,2.02,13.31,11.290000000000001,6.0,1.0,-0.33000000000000007,0.33000000000000007,True,CLEAR,4.42,True,2026-09-23T20:31:54,week_2026-09-23.csv,2.0,Quiet,3-8 surfers,0.6,8.07,1.0,3.0,0.0,
2026-09-24,12:00,12,day_ahead,1,10.54,4.72,18.58,13.86,5.0,1.0,-5.539999999999999,5.539999999999999,True,CLEAR,3.87,True,2026-09-23T08:51:55,forecast_2026-09-24.csv,3.0,Steady,9-16 surfers,0.6,12.55,2.0,4.0,0.0,
2026-09-24,12:00,12,week,1,13.18,6.09,23.11,17.02,5.0,1.0,-8.18,8.18,False,CLEAR,3.87,True,2026-09-23T20:31:54,week_2026-09-23.csv,3.0,Steady,9-16 surfers,0.6,15.66,2.0,4.0,0.0,
2026-09-24,13:00,13,day_ahead,1,21.31,7.63,31.26,23.630000000000003,11.0,1.0,-10.309999999999999,10.309999999999999,True,CLEAR,3.11,True,2026-09-23T08:51:55,forecast_2026-09-24.csv,4.0,Busy,17-27 surfers,0.6,23.8,2.0,5.0,0.0,
2026-09-24,13:00,13,week,1,22.08,10.39,36.67,26.28,11.0,1.0,-11.079999999999998,11.079999999999998,True,CLEAR,3.11,True,2026-09-23T20:31:54,week_2026-09-23.csv,4.0,Busy,17-27 surfers,0.6,25.73,3.0,5.0,0.0,
2026-09-24,14:00,14,day_ahead,1,24.5,11.76,35.63,23.870000000000005,27.0,1.0,2.5,2.5,True,CLEAR,2.38,True,2026-09-23T08:51:55,forecast_2026-09-24.csv,4.0,Busy,17-27 surfers,0.6,27.28,3.0,5.0,0.0,
2026-09-24,14:00,14,week,1,24.85,14.96,38.53,23.57,27.0,1.0,2.1499999999999986,2.1499999999999986,True,CLEAR,2.38,True,2026-09-23T20:31:54,week_2026-09-23.csv,5.0,Packed,28+ surfers,0.6,28.27,3.0,5.0,0.0,
2026-09-24,15:00,15,day_ahead,1,24.93,12.77,37.02,24.250000000000004,15.0,1.0,-9.93,9.93,True,CLEAR,1.9,True,2026-09-23T08:51:55,forecast_2026-09-24.csv,5.0,Packed,28+ surfers,0.6,27.95,3.0,5.0,0.0,
2026-09-24,15:00,15,week,1,25.13,14.79,38.39,23.6,15.0,1.0,-10.129999999999999,10.129999999999999,True,CLEAR,1.9,True,2026-09-23T20:31:54,week_2026-09-23.csv,5.0,Packed,28+ surfers,0.6,28.44,3.0,5.0,0.0,
2026-09-24,16:00,16,day_ahead,1,25.23,12.11,35.85,23.740000000000002,23.0,1.0,-2.2300000000000004,2.2300000000000004,True,CLEAR,1.78,True,2026-09-23T08:51:55,forecast_2026-09-24.csv,5.0,Packed,28+ surfers,0.6,27.89,3.0,5.0,0.0,
2026-09-24,16:00,16,week,1,24.58,11.77,34.23,22.459999999999997,23.0,1.0,-1.5799999999999983,1.5799999999999983,True,CLEAR,1.78,True,2026-09-23T20:31:54,week_2026-09-23.csv,4.0,Busy,17-27 surfers,0.6,26.99,3.0,5.0,0.0,
2026-09-24,17:00,17,day_ahead,1,22.98,8.67,28.01,19.340000000000003,14.0,1.0,-8.98,8.98,True,CLEAR,2.09,True,2026-09-23T08:51:55,forecast_2026-09-24.csv,4.0,Busy,17-27 surfers,0.6,24.24,3.0,5.0,0.0,
2026-09-24,17:00,17,week,1,22.06,10.16,28.22,18.06,14.0,1.0,-8.059999999999999,8.059999999999999,True,CLEAR,2.09,True,2026-09-23T20:31:54,week_2026-09-23.csv,4.0,Busy,17-27 surfers,0.6,23.6,3.0,5.0,0.0,
2026-09-24,18:00,18,day_ahead,1,17.21,3.56,25.95,22.39,20.0,1.0,2.789999999999999,2.789999999999999,True,CLEAR,2.75,True,2026-09-23T08:51:55,forecast_2026-09-24.csv,4.0,Busy,17-27 surfers,0.6,19.4,2.0,4.0,0.0,
2026-09-24,18:00,18,week,1,18.42,3.36,26.36,23.0,20.0,1.0,1.5799999999999983,1.5799999999999983,True,CLEAR,2.75,True,2026-09-23T20:31:54,week_2026-09-23.csv,4.0,Busy,17-27 surfers,0.6,20.41,2.0,4.0,0.0,
2026-09-24,19:00,19,day_ahead,1,9.71,3.26,12.25,8.99,8.0,1.0,-1.7100000000000009,1.7100000000000009,True,CLEAR,3.57,True,2026-09-23T08:51:55,forecast_2026-09-24.csv,3.0,Steady,9-16 surfers,0.6,10.34,2.0,3.0,0.0,
2026-09-24,19:00,19,week,1,10.9,0.38,12.94,12.559999999999999,8.0,1.0,-2.9000000000000004,2.9000000000000004,True,CLEAR,3.57,True,2026-09-23T20:31:54,week_2026-09-23.csv,3.0,Steady,9-16 surfers,0.6,11.41,1.0,3.0,0.0,
2026-09-25,06:00,6,day_ahead,1,9.14,4.76,18.74,13.979999999999999,4.0,1.0,-5.140000000000001,5.140000000000001,False,FOG,1.51,True,2026-09-24T20:32:03,forecast_2026-09-25.csv,3.0,Steady,9-16 surfers,0.6,11.54,2.0,4.0,0.0,
2026-09-25,06:00,6,week,1,9.14,4.76,18.74,13.979999999999999,4.0,1.0,-5.140000000000001,5.140000000000001,False,FOG,1.51,True,2026-09-24T20:32:03,week_2026-09-24.csv,3.0,Steady,9-16 surfers,0.6,11.54,2.0,4.0,0.0,
2026-09-25,06:00,6,week,2,8.91,5.65,19.96,14.31,4.0,1.0,-4.91,4.91,False,RAIN,1.51,True,2026-09-23T20:31:54,week_2026-09-23.csv,3.0,Steady,9-16 surfers,0.6,11.67,2.0,4.0,0.0,
2026-09-25,07:00,7,day_ahead,1,16.47,9.31,25.51,16.200000000000003,14.0,1.0,-2.469999999999999,2.469999999999999,True,CLOUDY_OVERCAST,2.46,True,2026-09-24T20:32:03,forecast_2026-09-25.csv,4.0,Busy,17-27 surfers,0.6,18.73,3.0,4.0,0.0,
2026-09-25,07:00,7,week,1,16.47,9.31,25.51,16.200000000000003,14.0,1.0,-2.469999999999999,2.469999999999999,True,CLOUDY_OVERCAST,2.46,True,2026-09-24T20:32:03,week_2026-09-24.csv,4.0,Busy,17-27 surfers,0.6,18.73,3.0,4.0,0.0,
2026-09-25,07:00,7,week,2,17.05,10.43,25.57,15.14,14.0,1.0,-3.0500000000000007,3.0500000000000007,True,CLEAR,2.46,True,2026-09-23T20:31:54,week_2026-09-23.csv,4.0,Busy,17-27 surfers,0.6,19.18,3.0,4.0,0.0,
2026-09-25,08:00,8,day_ahead,1,15.09,5.74,19.27,13.53,19.0,1.0,3.91,3.91,True,CLOUDY_OVERCAST,3.48,True,2026-09-24T20:32:03,forecast_2026-09-25.csv,3.0,Steady,9-16 surfers,0.6,16.14,2.0,4.0,0.0,
2026-09-25,08:00,8,week,1,15.09,5.74,19.27,13.53,19.0,1.0,3.91,3.91,True,CLOUDY_OVERCAST,3.48,True,2026-09-24T20:32:03,week_2026-09-24.csv,3.0,Steady,9-16 surfers,0.6,16.14,2.0,4.0,0.0,
2026-09-25,08:00,8,week,2,15.73,6.04,18.62,12.580000000000002,19.0,1.0,3.2699999999999996,3.2699999999999996,False,FOG,3.48,True,2026-09-23T20:31:54,week_2026-09-23.csv,3.0,Steady,9-16 surfers,0.6,16.45,2.0,4.0,0.0,
2026-09-25,09:00,9,day_ahead,1,5.02,2.5,10.33,7.83,1.0,1.0,-4.02,4.02,False,FOG,4.33,True,2026-09-24T20:32:03,forecast_2026-09-25.csv,2.0,Quiet,3-8 surfers,0.6,6.34,2.0,3.0,0.0,
2026-09-25,09:00,9,week,1,5.02,2.5,10.33,7.83,1.0,1.0,-4.02,4.02,False,FOG,4.33,True,2026-09-24T20:32:03,week_2026-09-24.csv,2.0,Quiet,3-8 surfers,0.6,6.34,2.0,3.0,0.0,
2026-09-25,09:00,9,week,2,5.67,2.54,9.86,7.319999999999999,1.0,1.0,-4.67,4.67,False,FOG,4.33,True,2026-09-23T20:31:54,week_2026-09-23.csv,2.0,Quiet,3-8 surfers,0.6,6.72,2.0,3.0,0.0,
2026-09-25,10:00,10,day_ahead,1,0.86,0.13,3.58,3.45,0.0,2.0,-0.86,0.86,False,CLEAR,4.82,True,2026-09-24T20:32:03,forecast_2026-09-25.csv,1.0,Empty,0-2 surfers,0.6,1.54,1.0,2.0,0.0,
2026-09-25,10:00,10,week,1,0.86,0.13,3.58,3.45,0.0,2.0,-0.86,0.86,False,CLEAR,4.82,True,2026-09-24T20:32:03,week_2026-09-24.csv,1.0,Empty,0-2 surfers,0.6,1.54,1.0,2.0,0.0,
2026-09-25,10:00,10,week,2,1.34,0.47,5.27,4.8,0.0,2.0,-1.34,1.34,False,FOG,4.82,True,2026-09-23T20:31:54,week_2026-09-23.csv,1.0,Empty,0-2 surfers,0.6,2.32,1.0,2.0,0.0,
2026-09-25,11:00,11,day_ahead,1,1.25,0.25,6.15,5.9,2.0,1.0,0.75,0.75,True,CLEAR,4.79,True,2026-09-24T20:32:03,forecast_2026-09-25.csv,1.0,Empty,0-2 surfers,0.6,2.47,1.0,2.0,0.0,
2026-09-25,11:00,11,week,1,1.25,0.25,6.15,5.9,2.0,1.0,0.75,0.75,True,CLEAR,4.79,True,2026-09-24T20:32:03,week_2026-09-24.csv,1.0,Empty,0-2 surfers,0.6,2.47,1.0,2.0,0.0,
2026-09-25,11:00,11,week,2,1.17,0.44,5.85,5.409999999999999,2.0,1.0,0.8300000000000001,0.8300000000000001,True,CLEAR,4.79,True,2026-09-23T20:31:54,week_2026-09-23.csv,1.0,Empty,0-2 surfers,0.6,2.34,1.0,2.0,0.0,
2026-09-25,12:00,12,day_ahead,1,4.35,2.31,11.36,9.049999999999999,5.0,1.0,0.6500000000000004,0.6500000000000004,True,CLEAR,4.29,True,2026-09-24T20:32:03,forecast_2026-09-25.csv,2.0,Quiet,3-8 surfers,0.6,6.11,1.0,3.0,0.0,
2026-09-25,12:00,12,week,1,4.35,2.31,11.36,9.049999999999999,5.0,1.0,0.6500000000000004,0.6500000000000004,True,CLEAR,4.29,True,2026-09-24T20:32:03,week_2026-09-24.csv,2.0,Quiet,3-8 surfers,0.6,6.11,1.0,3.0,0.0,
2026-09-25,12:00,12,week,2,4.33,2.36,10.55,8.190000000000001,5.0,1.0,0.6699999999999999,0.6699999999999999,True,CLEAR,4.29,True,2026-09-23T20:31:54,week_2026-09-23.csv,2.0,Quiet,3-8 surfers,0.6,5.89,1.0,3.0,0.0,
2026-09-25,13:00,13,day_ahead,1,20.07,8.24,23.01,14.770000000000001,24.0,1.0,3.9299999999999997,3.9299999999999997,False,CLEAR,3.44,True,2026-09-24T20:32:03,forecast_2026-09-25.csv,4.0,Busy,17-27 surfers,0.6,20.8,2.0,4.0,0.0,
2026-09-25,13:00,13,week,1,20.07,8.24,23.01,14.770000000000001,24.0,1.0,3.9299999999999997,3.9299999999999997,False,CLEAR,3.44,True,2026-09-24T20:32:03,week_2026-09-24.csv,4.0,Busy,17-27 surfers,0.6,20.8,2.0,4.0,0.0,
2026-09-25,13:00,13,week,2,19.58,7.57,20.56,12.989999999999998,24.0,1.0,4.420000000000002,4.420000000000002,False,CLEAR,3.44,True,2026-09-23T20:31:54,week_2026-09-23.csv,4.0,Busy,17-27 surfers,0.6,19.82,2.0,4.0,0.0,
2026-09-25,14:00,14,day_ahead,1,26.2,14.68,39.44,24.759999999999998,29.0,1.0,2.8000000000000007,2.8000000000000007,True,CLEAR,2.49,True,2026-09-24T20:32:03,forecast_2026-09-25.csv,5.0,Packed,28+ surfers,0.6,29.51,3.0,5.0,0.0,
2026-09-25,14:00,14,week,1,26.2,14.68,39.44,24.759999999999998,29.0,1.0,2.8000000000000007,2.8000000000000007,True,CLEAR,2.49,True,2026-09-24T20:32:03,week_2026-09-24.csv,5.0,Packed,28+ surfers,0.6,29.51,3.0,5.0,0.0,
2026-09-25,14:00,14,week,2,25.88,11.73,35.79,24.06,29.0,1.0,3.120000000000001,3.120000000000001,True,CLEAR,2.49,True,2026-09-23T20:31:54,week_2026-09-23.csv,5.0,Packed,28+ surfers,0.6,28.36,3.0,5.0,0.0,
2026-09-25,15:00,15,day_ahead,1,25.96,12.35,38.31,25.96,23.0,1.0,-2.960000000000001,2.960000000000001,True,CLEAR,1.71,True,2026-09-24T20:32:03,forecast_2026-09-25.csv,5.0,Packed,28+ surfers,0.6,29.05,3.0,5.0,0.0,
2026-09-25,15:00,15,week,1,25.96,12.35,38.31,25.96,23.0,1.0,-2.960000000000001,2.960000000000001,True,CLEAR,1.71,True,2026-09-24T20:32:03,week_2026-09-24.csv,5.0,Packed,28+ surfers,0.6,29.05,3.0,5.0,0.0,
2026-09-25,15:00,15,week,2,22.39,12.15,34.17,22.020000000000003,23.0,1.0,0.6099999999999994,0.6099999999999994,True,CLEAR,1.71,True,2026-09-23T20:31:54,week_2026-09-23.csv,4.0,Busy,17-27 surfers,0.6,25.33,3.0,5.0,0.0,
2026-09-25,16:00,16,day_ahead,1,26.0,12.26,36.94,24.68,36.0,1.0,10.0,10.0,True,CLEAR,1.3,True,2026-09-24T20:32:03,forecast_2026-09-25.csv,5.0,Packed,28+ surfers,0.6,28.74,3.0,5.0,0.0,
2026-09-25,16:00,16,week,1,26.0,12.26,36.94,24.68,36.0,1.0,10.0,10.0,True,CLEAR,1.3,True,2026-09-24T20:32:03,week_2026-09-24.csv,5.0,Packed,28+ surfers,0.6,28.74,3.0,5.0,0.0,
2026-09-25,16:00,16,week,2,22.0,10.97,32.87,21.9,36.0,1.0,14.0,14.0,False,CLEAR,1.3,True,2026-09-23T20:31:54,week_2026-09-23.csv,4.0,Busy,17-27 surfers,0.6,24.72,3.0,5.0,0.0,
2026-09-25,17:00,17,day_ahead,1,24.94,10.02,32.1,22.080000000000002,27.0,1.0,2.0599999999999987,2.0599999999999987,True,CLEAR,1.36,True,2026-09-24T20:32:03,forecast_2026-09-25.csv,4.0,Busy,17-27 surfers,0.6,26.73,3.0,5.0,0.0,
2026-09-25,17:00,17,week,1,24.94,10.02,32.1,22.080000000000002,27.0,1.0,2.0599999999999987,2.0599999999999987,True,CLEAR,1.36,True,2026-09-24T20:32:03,week_2026-09-24.csv,4.0,Busy,17-27 surfers,0.6,26.73,3.0,5.0,0.0,
2026-09-25,17:00,17,week,2,20.87,9.5,28.62,19.12,27.0,1.0,6.129999999999999,6.129999999999999,True,CLEAR,1.36,True,2026-09-23T20:31:54,week_2026-09-23.csv,4.0,Busy,17-27 surfers,0.6,22.81,3.0,5.0,0.0,
2026-09-25,18:00,18,day_ahead,1,22.96,6.39,30.45,24.06,20.0,1.0,-2.960000000000001,2.960000000000001,True,CLEAR,1.88,True,2026-09-24T20:32:03,forecast_2026-09-25.csv,4.0,Busy,17-27 surfers,0.6,24.83,2.0,5.0,0.0,
2026-09-25,18:00,18,week,1,22.96,6.39,30.45,24.06,20.0,1.0,-2.960000000000001,2.960000000000001,True,CLEAR,1.88,True,2026-09-24T20:32:03,week_2026-09-24.csv,4.0,Busy,17-27 surfers,0.6,24.83,2.0,5.0,0.0,
2026-09-25,18:00,18,week,2,21.11,6.43,30.29,23.86,20.0,1.0,-1.1099999999999994,1.1099999999999994,True,CLEAR,1.88,True,2026-09-23T20:31:54,week_2026-09-23.csv,4.0,Busy,17-27 surfers,0.6,23.41,2.0,5.0,0.0,
2026-09-25,19:00,19,day_ahead,1,14.0,5.4,24.55,19.15,26.0,1.0,12.0,12.0,False,CLEAR,2.7,True,2026-09-24T20:32:03,forecast_2026-09-25.csv,4.0,Busy,17-27 surfers,0.6,16.64,2.0,4.0,0.0,
2026-09-25,19:00,19,week,1,14.0,5.4,24.55,19.15,26.0,1.0,12.0,12.0,False,CLEAR,2.7,True,2026-09-24T20:32:03,week_2026-09-24.csv,4.0,Busy,17-27 surfers,0.6,16.64,2.0,4.0,0.0,
2026-09-25,19:00,19,week,2,11.83,4.39,25.93,21.54,26.0,1.0,14.17,14.17,False,CLEAR,2.7,True,2026-09-23T20:31:54,week_2026-09-23.csv,3.0,Steady,9-16 surfers,0.6,15.35,2.0,4.0,0.0,
2026-09-26,06:00,6,day_ahead,1,9.44,4.99,23.7,18.71,,,,,,CLEAR,1.39,True,2026-09-25T20:31:47,forecast_2026-09-26.csv,3.0,Steady,9-16 surfers,0.6,13.01,2.0,4.0,0.0,
2026-09-26,06:00,6,week,1,9.44,4.99,23.7,18.71,,,,,,CLEAR,1.39,True,2026-09-25T20:31:48,week_2026-09-25.csv,3.0,Steady,9-16 surfers,0.6,13.01,2.0,4.0,0.0,
2026-09-26,06:00,6,week,2,10.01,4.01,27.18,23.17,,,,,,CLEAR,1.39,True,2026-09-24T20:32:03,week_2026-09-24.csv,3.0,Steady,9-16 surfers,0.6,14.3,2.0,4.0,0.0,
2026-09-26,06:00,6,week,3,10.15,2.71,29.43,26.72,,,,,,CLEAR,1.39,True,2026-09-23T20:31:54,week_2026-09-23.csv,3.0,Steady,9-16 surfers,0.6,14.97,2.0,5.0,0.0,
2026-09-26,07:00,7,day_ahead,1,18.28,8.18,36.94,28.759999999999998,,,,,,CLEAR,2.26,True,2026-09-25T20:31:47,forecast_2026-09-26.csv,4.0,Busy,17-27 surfers,0.6,22.95,2.0,5.0,0.0,
2026-09-26,07:00,7,week,1,18.28,8.18,36.94,28.759999999999998,,,,,,CLEAR,2.26,True,2026-09-25T20:31:48,week_2026-09-25.csv,4.0,Busy,17-27 surfers,0.6,22.95,2.0,5.0,0.0,
2026-09-26,07:00,7,week,2,19.76,5.81,37.5,31.69,,,,,,CLEAR,2.26,True,2026-09-24T20:32:03,week_2026-09-24.csv,4.0,Busy,17-27 surfers,0.6,24.19,2.0,5.0,0.0,
2026-09-26,07:00,7,week,3,20.19,5.92,34.03,28.11,,,,,,CLEAR,2.26,True,2026-09-23T20:31:54,week_2026-09-23.csv,4.0,Busy,17-27 surfers,0.6,23.65,2.0,5.0,0.0,
2026-09-26,08:00,8,day_ahead,1,19.82,4.61,38.14,33.53,,,,,,CLEAR,3.29,True,2026-09-25T20:31:47,forecast_2026-09-26.csv,4.0,Busy,17-27 surfers,0.6,24.4,2.0,5.0,0.0,
2026-09-26,08:00,8,week,1,19.82,4.61,38.14,33.53,,,,,,CLEAR,3.29,True,2026-09-25T20:31:48,week_2026-09-25.csv,4.0,Busy,17-27 surfers,0.6,24.4,2.0,5.0,0.0,
2026-09-26,08:00,8,week,2,19.43,3.58,39.21,35.63,,,,,,CLEAR,3.29,True,2026-09-24T20:32:03,week_2026-09-24.csv,4.0,Busy,17-27 surfers,0.6,24.37,2.0,5.0,0.0,
2026-09-26,08:00,8,week,3,23.23,4.52,35.09,30.570000000000004,,,,,,CLEAR,3.29,True,2026-09-23T20:31:54,week_2026-09-23.csv,4.0,Busy,17-27 surfers,0.6,26.2,2.0,5.0,0.0,
2026-09-26,09:00,9,day_ahead,1,7.31,1.8,17.16,15.36,,,,,,CLEAR,4.26,True,2026-09-25T20:31:47,forecast_2026-09-26.csv,3.0,Steady,9-16 surfers,0.6,9.77,1.0,4.0,0.0,
2026-09-26,09:00,9,week,1,7.31,1.8,17.16,15.36,,,,,,CLEAR,4.26,True,2026-09-25T20:31:48,week_2026-09-25.csv,3.0,Steady,9-16 surfers,0.6,9.77,1.0,4.0,0.0,
2026-09-26,09:00,9,week,2,6.95,1.38,17.8,16.42,,,,,,CLEAR,4.26,True,2026-09-24T20:32:03,week_2026-09-24.csv,3.0,Steady,9-16 surfers,0.6,9.66,1.0,4.0,0.0,
2026-09-26,09:00,9,week,3,6.13,1.26,16.44,15.180000000000001,,,,,,CLEAR,4.26,True,2026-09-23T20:31:54,week_2026-09-23.csv,3.0,Steady,9-16 surfers,0.6,8.71,1.0,3.0,0.0,
2026-09-26,10:00,10,day_ahead,1,2.36,0.06,8.7,8.639999999999999,,,,,,CLEAR,4.94,True,2026-09-25T20:31:47,forecast_2026-09-26.csv,2.0,Quiet,3-8 surfers,0.6,3.94,1.0,3.0,0.0,
2026-09-26,10:00,10,week,1,2.36,0.06,8.7,8.639999999999999,,,,,,CLEAR,4.94,True,2026-09-25T20:31:48,week_2026-09-25.csv,2.0,Quiet,3-8 surfers,0.6,3.94,1.0,3.0,0.0,
2026-09-26,10:00,10,week,2,2.0,0.0,8.97,8.97,,,,,,CLEAR,4.94,True,2026-09-24T20:32:03,week_2026-09-24.csv,2.0,Quiet,3-8 surfers,0.6,3.74,1.0,3.0,0.0,
2026-09-26,10:00,10,week,3,1.82,0.0,8.5,8.5,,,,,,CLEAR,4.94,True,2026-09-23T20:31:54,week_2026-09-23.csv,2.0,Quiet,3-8 surfers,0.6,3.49,1.0,3.0,0.0,
2026-09-26,11:00,11,day_ahead,1,2.35,0.14,7.58,7.44,,,,,,CLEAR,5.13,True,2026-09-25T20:31:47,forecast_2026-09-26.csv,2.0,Quiet,3-8 surfers,0.6,3.66,1.0,2.0,0.0,
2026-09-26,11:00,11,week,1,2.35,0.14,7.58,7.44,,,,,,CLEAR,5.13,True,2026-09-25T20:31:48,week_2026-09-25.csv,2.0,Quiet,3-8 surfers,0.6,3.66,1.0,2.0,0.0,
2026-09-26,11:00,11,week,2,2.48,0.0,9.34,9.34,,,,,,CLEAR,5.13,True,2026-09-24T20:32:03,week_2026-09-24.csv,2.0,Quiet,3-8 surfers,0.6,4.2,1.0,3.0,0.0,
2026-09-26,11:00,11,week,3,1.36,0.0,8.03,8.03,,,,,,CLEAR,5.13,True,2026-09-23T20:31:54,week_2026-09-23.csv,2.0,Quiet,3-8 surfers,0.6,3.03,1.0,2.0,0.0,
2026-09-26,12:00,12,day_ahead,1,2.92,0.19,8.36,8.17,,,,,,CLEAR,4.77,True,2026-09-25T20:31:47,forecast_2026-09-26.csv,2.0,Quiet,3-8 surfers,0.6,4.28,1.0,2.0,0.0,
2026-09-26,12:00,12,week,1,2.92,0.19,8.36,8.17,,,,,,CLEAR,4.77,True,2026-09-25T20:31:48,week_2026-09-25.csv,2.0,Quiet,3-8 surfers,0.6,4.28,1.0,2.0,0.0,
2026-09-26,12:00,12,week,2,3.12,0.0,9.88,9.88,,,,,,CLEAR,4.77,True,2026-09-24T20:32:03,week_2026-09-24.csv,2.0,Quiet,3-8 surfers,0.6,4.81,1.0,3.0,0.0,
2026-09-26,12:00,12,week,3,1.77,0.0,9.35,9.35,,,,,,CLEAR,4.77,True,2026-09-23T20:31:54,week_2026-09-23.csv,2.0,Quiet,3-8 surfers,0.6,3.66,1.0,3.0,0.0,
2026-09-26,13:00,13,day_ahead,1,13.47,5.22,22.6,17.380000000000003,,,,,,CLEAR,3.94,True,2026-09-25T20:31:47,forecast_2026-09-26.csv,3.0,Steady,9-16 surfers,0.6,15.75,2.0,4.0,0.0,
2026-09-26,13:00,13,week,1,13.47,5.22,22.6,17.380000000000003,,,,,,CLEAR,3.94,True,2026-09-25T20:31:48,week_2026-09-25.csv,3.0,Steady,9-16 surfers,0.6,15.75,2.0,4.0,0.0,
2026-09-26,13:00,13,week,2,13.55,3.86,22.64,18.78,,,,,,CLEAR,3.94,True,2026-09-24T20:32:03,week_2026-09-24.csv,3.0,Steady,9-16 surfers,0.6,15.82,2.0,4.0,0.0,
2026-09-26,13:00,13,week,3,10.45,4.91,22.15,17.24,,,,,,CLEAR,3.94,True,2026-09-23T20:31:54,week_2026-09-23.csv,3.0,Steady,9-16 surfers,0.6,13.37,2.0,4.0,0.0,
2026-09-26,14:00,14,day_ahead,1,29.17,9.21,47.4,38.19,,,,,,CLEAR,2.85,True,2026-09-25T20:31:47,forecast_2026-09-26.csv,5.0,Packed,28+ surfers,0.6,33.73,3.0,5.0,0.0,
2026-09-26,14:00,14,week,1,29.17,9.21,47.4,38.19,,,,,,CLEAR,2.85,True,2026-09-25T20:31:48,week_2026-09-25.csv,5.0,Packed,28+ surfers,0.6,33.73,3.0,5.0,0.0,
2026-09-26,14:00,14,week,2,28.87,8.02,47.35,39.33,,,,,,CLEAR,2.85,True,2026-09-24T20:32:03,week_2026-09-24.csv,5.0,Packed,28+ surfers,0.6,33.49,2.0,5.0,0.0,
2026-09-26,14:00,14,week,3,24.76,7.72,38.75,31.03,,,,,,CLEAR,2.85,True,2026-09-23T20:31:54,week_2026-09-23.csv,5.0,Packed,28+ surfers,0.6,28.26,2.0,5.0,0.0,
2026-09-26,15:00,15,day_ahead,1,32.35,13.47,48.42,34.95,,,,,,CLEAR,1.78,True,2026-09-25T20:31:47,forecast_2026-09-26.csv,5.0,Packed,28+ surfers,0.6,36.36,3.0,5.0,0.0,
2026-09-26,15:00,15,week,1,32.35,13.47,48.42,34.95,,,,,,CLEAR,1.78,True,2026-09-25T20:31:48,week_2026-09-25.csv,5.0,Packed,28+ surfers,0.6,36.36,3.0,5.0,0.0,
2026-09-26,15:00,15,week,2,32.01,13.08,49.34,36.260000000000005,,,,,,CLEAR,1.78,True,2026-09-24T20:32:03,week_2026-09-24.csv,5.0,Packed,28+ surfers,0.6,36.35,3.0,5.0,0.0,
2026-09-26,15:00,15,week,3,27.44,12.05,39.3,27.249999999999996,,,,,,CLEAR,1.78,True,2026-09-23T20:31:54,week_2026-09-23.csv,5.0,Packed,28+ surfers,0.6,30.4,3.0,5.0,0.0,
2026-09-26,16:00,16,day_ahead,1,31.72,12.48,47.47,34.989999999999995,,,,,,CLEAR,1.02,True,2026-09-25T20:31:47,forecast_2026-09-26.csv,5.0,Packed,28+ surfers,0.6,35.66,3.0,5.0,0.0,
2026-09-26,16:00,16,week,1,31.72,12.48,47.47,34.989999999999995,,,,,,CLEAR,1.02,True,2026-09-25T20:31:48,week_2026-09-25.csv,5.0,Packed,28+ surfers,0.6,35.66,3.0,5.0,0.0,
2026-09-26,16:00,16,week,2,31.38,12.3,47.54,35.239999999999995,,,,,,CLEAR,1.02,True,2026-09-24T20:32:03,week_2026-09-24.csv,5.0,Packed,28+ surfers,0.6,35.42,3.0,5.0,0.0,
2026-09-26,16:00,16,week,3,27.22,12.29,38.54,26.25,,,,,,CLEAR,1.02,True,2026-09-23T20:31:54,week_2026-09-23.csv,5.0,Packed,28+ surfers,0.6,30.05,3.0,5.0,0.0,
2026-09-26,17:00,17,day_ahead,1,27.83,10.45,41.51,31.06,,,,,,CLEAR,0.75,True,2026-09-25T20:31:47,forecast_2026-09-26.csv,5.0,Packed,28+ surfers,0.6,31.25,3.0,5.0,0.0,
2026-09-26,17:00,17,week,1,27.83,10.45,41.51,31.06,,,,,,CLEAR,0.75,True,2026-09-25T20:31:48,week_2026-09-25.csv,5.0,Packed,28+ surfers,0.6,31.25,3.0,5.0,0.0,
2026-09-26,17:00,17,week,2,28.77,10.54,43.01,32.47,,,,,,CLEAR,0.75,True,2026-09-24T20:32:03,week_2026-09-24.csv,5.0,Packed,28+ surfers,0.6,32.33,3.0,5.0,0.0,
2026-09-26,17:00,17,week,3,24.97,10.81,34.97,24.159999999999997,,,,,,CLEAR,0.75,True,2026-09-23T20:31:54,week_2026-09-23.csv,4.0,Busy,17-27 surfers,0.6,27.47,3.0,5.0,0.0,
2026-09-26,18:00,18,day_ahead,1,27.72,7.25,37.8,30.549999999999997,,,,,,CLEAR,1.02,True,2026-09-25T20:31:47,forecast_2026-09-26.csv,5.0,Packed,28+ surfers,0.6,30.24,2.0,5.0,0.0,
2026-09-26,18:00,18,week,1,27.72,7.25,37.8,30.549999999999997,,,,,,CLEAR,1.02,True,2026-09-25T20:31:48,week_2026-09-25.csv,5.0,Packed,28+ surfers,0.6,30.24,2.0,5.0,0.0,
2026-09-26,18:00,18,week,2,27.16,6.98,38.43,31.45,,,,,,CLEAR,1.02,True,2026-09-24T20:32:03,week_2026-09-24.csv,5.0,Packed,28+ surfers,0.6,29.98,2.0,5.0,0.0,
2026-09-26,18:00,18,week,3,24.86,7.76,30.38,22.619999999999997,,,,,,CLEAR,1.02,True,2026-09-23T20:31:54,week_2026-09-23.csv,4.0,Busy,17-27 surfers,0.6,26.24,2.0,5.0,0.0,
2026-09-26,19:00,19,day_ahead,1,19.45,7.08,32.24,25.160000000000004,,,,,,CLEAR,1.73,True,2026-09-25T20:31:47,forecast_2026-09-26.csv,4.0,Busy,17-27 surfers,0.6,22.65,2.0,5.0,0.0,
2026-09-26,19:00,19,week,1,19.45,7.08,32.24,25.160000000000004,,,,,,CLEAR,1.73,True,2026-09-25T20:31:48,week_2026-09-25.csv,4.0,Busy,17-27 surfers,0.6,22.65,2.0,5.0,0.0,
2026-09-26,19:00,19,week,2,18.85,6.89,33.29,26.4,,,,,,CLEAR,1.73,True,2026-09-24T20:32:03,week_2026-09-24.csv,4.0,Busy,17-27 surfers,0.6,22.46,2.0,5.0,0.0,
2026-09-26,19:00,19,week,3,18.43,5.5,26.89,21.39,,,,,,CLEAR,1.73,True,2026-09-23T20:31:54,week_2026-09-23.csv,4.0,Busy,17-27 surfers,0.6,20.55,2.0,4.0,0.0,
2026-09-27,06:00,6,week,2,10.96,4.07,29.29,25.22,,,,,,CLOUDY_OVERCAST,1.42,True,2026-09-25T20:31:48,week_2026-09-25.csv,3.0,Steady,9-16 surfers,0.6,15.54,2.0,5.0,0.0,
2026-09-27,06:00,6,week,3,13.49,6.16,29.62,23.46,,,,,,CLEAR,1.42,True,2026-09-24T20:32:03,week_2026-09-24.csv,4.0,Busy,17-27 surfers,0.6,17.52,2.0,5.0,0.0,
2026-09-27,06:00,6,week,4,11.2,3.0,23.69,20.69,,,,,,CLEAR,1.42,True,2026-09-23T20:31:54,week_2026-09-23.csv,3.0,Steady,9-16 surfers,0.6,14.32,2.0,4.0,0.0,
2026-09-27,07:00,7,week,2,21.97,8.85,40.91,32.059999999999995,,,,,,CLOUDY_OVERCAST,2.13,True,2026-09-25T20:31:48,week_2026-09-25.csv,4.0,Busy,17-27 surfers,0.6,26.71,3.0,5.0,0.0,
2026-09-27,07:00,7,week,3,20.75,8.56,39.66,31.099999999999994,,,,,,CLEAR,2.13,True,2026-09-24T20:32:03,week_2026-09-24.csv,4.0,Busy,17-27 surfers,0.6,25.48,3.0,5.0,0.0,
2026-09-27,07:00,7,week,4,19.19,5.44,37.71,32.27,,,,,,CLEAR,2.13,True,2026-09-23T20:31:54,week_2026-09-23.csv,4.0,Busy,17-27 surfers,0.6,23.82,2.0,5.0,0.0,
2026-09-27,08:00,8,week,2,24.97,5.95,42.37,36.419999999999995,,,,,,CLOUDY_OVERCAST,3.1,True,2026-09-25T20:31:48,week_2026-09-25.csv,5.0,Packed,28+ surfers,0.6,29.32,2.0,5.0,0.0,
2026-09-27,08:00,8,week,3,23.64,7.5,41.33,33.83,,,,,,CLEAR,3.1,True,2026-09-24T20:32:03,week_2026-09-24.csv,5.0,Packed,28+ surfers,0.6,28.06,2.0,5.0,0.0,
2026-09-27,08:00,8,week,4,23.82,4.63,40.73,36.099999999999994,,,,,,CLEAR,3.1,True,2026-09-23T20:31:54,week_2026-09-23.csv,5.0,Packed,28+ surfers,0.6,28.05,2.0,5.0,0.0,
2026-09-27,09:00,9,week,2,11.86,2.03,20.25,18.22,,,,,,CLOUDY_OVERCAST,4.1,True,2026-09-25T20:31:48,week_2026-09-25.csv,3.0,Steady,9-16 surfers,0.6,13.96,1.0,4.0,0.0,
2026-09-27,09:00,9,week,3,13.51,2.08,26.67,24.590000000000003,,,,,,CLEAR,4.1,True,2026-09-24T20:32:03,week_2026-09-24.csv,4.0,Busy,17-27 surfers,0.6,16.8,1.0,4.0,0.0,
2026-09-27,09:00,9,week,4,8.37,2.1,20.99,18.889999999999997,,,,,,CLEAR,4.1,True,2026-09-23T20:31:54,week_2026-09-23.csv,3.0,Steady,9-16 surfers,0.6,11.52,1.0,4.0,0.0,
2026-09-27,10:00,10,week,2,3.02,0.08,8.68,8.6,,,,,,CLOUDY_OVERCAST,4.93,True,2026-09-25T20:31:48,week_2026-09-25.csv,2.0,Quiet,3-8 surfers,0.6,4.43,1.0,3.0,0.0,
2026-09-27,10:00,10,week,3,3.02,0.0,14.24,14.24,,,,,,CLEAR,4.93,True,2026-09-24T20:32:03,week_2026-09-24.csv,2.0,Quiet,3-8 surfers,0.6,5.83,1.0,3.0,0.0,
2026-09-27,10:00,10,week,4,2.32,0.05,9.23,9.18,,,,,,CLEAR,4.93,True,2026-09-23T20:31:54,week_2026-09-23.csv,2.0,Quiet,3-8 surfers,0.6,4.05,1.0,3.0,0.0,
2026-09-27,11:00,11,week,2,2.86,0.05,8.41,8.36,,,,,,CLOUDY_OVERCAST,5.36,True,2026-09-25T20:31:48,week_2026-09-25.csv,2.0,Quiet,3-8 surfers,0.6,4.25,1.0,2.0,0.0,
2026-09-27,11:00,11,week,3,2.91,0.0,11.12,11.12,,,,,,CLEAR,5.36,True,2026-09-24T20:32:03,week_2026-09-24.csv,2.0,Quiet,3-8 surfers,0.6,4.96,1.0,3.0,0.0,
2026-09-27,11:00,11,week,4,1.99,0.0,7.44,7.44,,,,,,CLEAR,5.36,True,2026-09-23T20:31:54,week_2026-09-23.csv,2.0,Quiet,3-8 surfers,0.6,3.35,1.0,2.0,0.0,
2026-09-27,12:00,12,week,2,3.03,0.0,10.68,10.68,,,,,,CLOUDY_OVERCAST,5.23,True,2026-09-25T20:31:48,week_2026-09-25.csv,2.0,Quiet,3-8 surfers,0.6,4.94,1.0,3.0,0.0,
2026-09-27,12:00,12,week,3,2.38,0.12,10.25,10.13,,,,,,CLEAR,5.23,True,2026-09-24T20:32:03,week_2026-09-24.csv,2.0,Quiet,3-8 surfers,0.6,4.34,1.0,3.0,0.0,
2026-09-27,12:00,12,week,4,2.17,0.08,6.88,6.8,,,,,,CLEAR,5.23,True,2026-09-23T20:31:54,week_2026-09-23.csv,2.0,Quiet,3-8 surfers,0.6,3.35,1.0,2.0,0.0,
2026-09-27,13:00,13,week,2,7.12,1.02,14.16,13.14,,,,,,CLEAR,4.56,True,2026-09-25T20:31:48,week_2026-09-25.csv,3.0,Steady,9-16 surfers,0.6,8.88,1.0,3.0,0.0,
2026-09-27,13:00,13,week,3,4.46,0.5,9.17,8.67,,,,,,CLEAR,4.56,True,2026-09-24T20:32:03,week_2026-09-24.csv,2.0,Quiet,3-8 surfers,0.6,5.63,1.0,3.0,0.0,
2026-09-27,13:00,13,week,4,3.48,0.74,7.29,6.55,,,,,,CLEAR,4.56,True,2026-09-23T20:31:54,week_2026-09-23.csv,2.0,Quiet,3-8 surfers,0.6,4.43,1.0,2.0,0.0,
2026-09-27,14:00,14,week,2,29.75,9.4,33.16,23.759999999999998,,,,,,CLEAR,3.45,True,2026-09-25T20:31:48,week_2026-09-25.csv,5.0,Packed,28+ surfers,0.6,30.6,3.0,5.0,0.0,
2026-09-27,14:00,14,week,3,24.29,7.64,31.22,23.58,,,,,,CLEAR,3.45,True,2026-09-24T20:32:03,week_2026-09-24.csv,4.0,Busy,17-27 surfers,0.6,26.02,2.0,5.0,0.0,
2026-09-27,14:00,14,week,4,26.28,7.53,29.57,22.04,,,,,,CLEAR,3.45,True,2026-09-23T20:31:54,week_2026-09-23.csv,4.0,Busy,17-27 surfers,0.6,27.1,2.0,5.0,0.0,
2026-09-27,15:00,15,week,2,33.86,15.72,48.87,33.15,,,,,,CLEAR,2.18,True,2026-09-25T20:31:48,week_2026-09-25.csv,5.0,Packed,28+ surfers,0.6,37.61,3.0,5.0,0.0,
2026-09-27,15:00,15,week,3,27.15,13.6,46.16,32.559999999999995,,,,,,CLEAR,2.18,True,2026-09-24T20:32:03,week_2026-09-24.csv,5.0,Packed,28+ surfers,0.6,31.9,3.0,5.0,0.0,
2026-09-27,15:00,15,week,4,29.59,11.63,45.93,34.3,,,,,,CLEAR,2.18,True,2026-09-23T20:31:54,week_2026-09-23.csv,5.0,Packed,28+ surfers,0.6,33.67,3.0,5.0,0.0,
2026-09-27,16:00,16,week,2,33.02,15.95,49.03,33.08,,,,,,CLEAR,1.08,True,2026-09-25T20:31:48,week_2026-09-25.csv,5.0,Packed,28+ surfers,0.6,37.02,3.0,5.0,0.0,
2026-09-27,16:00,16,week,3,26.63,14.32,46.03,31.71,,,,,,CLEAR,1.08,True,2026-09-24T20:32:03,week_2026-09-24.csv,5.0,Packed,28+ surfers,0.6,31.48,3.0,5.0,0.0,
2026-09-27,16:00,16,week,4,27.21,11.14,45.15,34.01,,,,,,CLEAR,1.08,True,2026-09-23T20:31:54,week_2026-09-23.csv,5.0,Packed,28+ surfers,0.6,31.69,3.0,5.0,0.0,
2026-09-27,17:00,17,week,2,29.92,14.19,43.81,29.620000000000005,,,,,,CLEAR,0.42,True,2026-09-25T20:31:48,week_2026-09-25.csv,5.0,Packed,28+ surfers,0.6,33.39,3.0,5.0,0.0,
2026-09-27,17:00,17,week,3,23.75,12.7,40.8,28.099999999999998,,,,,,CLEAR,0.42,True,2026-09-24T20:32:03,week_2026-09-24.csv,5.0,Packed,28+ surfers,0.6,28.01,3.0,5.0,0.0,
2026-09-27,17:00,17,week,4,23.89,9.64,39.11,29.47,,,,,,CLEAR,0.42,True,2026-09-23T20:31:54,week_2026-09-23.csv,5.0,Packed,28+ surfers,0.6,27.69,3.0,5.0,0.0,
2026-09-27,18:00,18,week,2,31.0,8.63,39.6,30.97,,,,,,CLEAR,0.32,True,2026-09-25T20:31:48,week_2026-09-25.csv,5.0,Packed,28+ surfers,0.6,33.15,3.0,5.0,0.0,
2026-09-27,18:00,18,week,3,24.11,8.51,37.48,28.97,,,,,,CLEAR,0.32,True,2026-09-24T20:32:03,week_2026-09-24.csv,4.0,Busy,17-27 surfers,0.6,27.45,3.0,5.0,0.0,
2026-09-27,18:00,18,week,4,23.66,6.23,34.97,28.74,,,,,,CLEAR,0.32,True,2026-09-23T20:31:54,week_2026-09-23.csv,4.0,Busy,17-27 surfers,0.6,26.49,2.0,5.0,0.0,
2026-09-27,19:00,19,week,2,20.69,7.35,35.98,28.629999999999995,,,,,,CLEAR,0.78,True,2026-09-25T20:31:48,week_2026-09-25.csv,4.0,Busy,17-27 surfers,0.6,24.51,2.0,5.0,0.0,
2026-09-27,19:00,19,week,3,16.73,7.75,34.63,26.880000000000003,,,,,,CLEAR,0.78,True,2026-09-24T20:32:03,week_2026-09-24.csv,4.0,Busy,17-27 surfers,0.6,21.21,2.0,5.0,0.0,
2026-09-27,19:00,19,week,4,15.28,6.13,28.03,21.900000000000002,,,,,,CLEAR,0.78,True,2026-09-23T20:31:54,week_2026-09-23.csv,4.0,Busy,17-27 surfers,0.6,18.47,2.0,5.0,0.0,
2026-09-28,06:00,6,week,3,7.26,4.37,20.53,16.16,,,,,,CLEAR,1.65,True,2026-09-25T20:31:48,week_2026-09-25.csv,3.0,Steady,9-16 surfers,0.6,10.58,2.0,4.0,0.0,
2026-09-28,06:00,6,week,4,6.92,4.37,22.21,17.84,,,,,,CLEAR,1.65,True,2026-09-24T20:32:03,week_2026-09-24.csv,3.0,Steady,9-16 surfers,0.6,10.74,2.0,4.0,0.0,
2026-09-28,06:00,6,week,5,4.65,1.06,17.17,16.110000000000003,,,,,,CLEAR,1.65,True,2026-09-23T20:31:54,week_2026-09-23.csv,2.0,Quiet,3-8 surfers,0.6,7.78,1.0,4.0,0.0,
2026-09-28,07:00,7,week,3,16.17,7.27,27.9,20.63,,,,,,CLEAR,2.1,True,2026-09-25T20:31:48,week_2026-09-25.csv,4.0,Busy,17-27 surfers,0.6,19.1,2.0,5.0,0.0,
2026-09-28,07:00,7,week,4,14.29,4.78,25.6,20.82,,,,,,CLEAR,2.1,True,2026-09-24T20:32:03,week_2026-09-24.csv,4.0,Busy,17-27 surfers,0.6,17.11,2.0,4.0,0.0,
2026-09-28,07:00,7,week,5,13.42,3.4,24.37,20.970000000000002,,,,,,CLEAR,2.1,True,2026-09-23T20:31:54,week_2026-09-23.csv,3.0,Steady,9-16 surfers,0.6,16.16,2.0,4.0,0.0,
2026-09-28,08:00,8,week,3,16.95,5.93,31.83,25.9,,,,,,CLEAR,2.92,True,2026-09-25T20:31:48,week_2026-09-25.csv,4.0,Busy,17-27 surfers,0.6,20.67,2.0,5.0,0.0,
2026-09-28,08:00,8,week,4,14.09,3.62,26.71,23.09,,,,,,CLEAR,2.92,True,2026-09-24T20:32:03,week_2026-09-24.csv,4.0,Busy,17-27 surfers,0.6,17.24,2.0,4.0,0.0,
2026-09-28,08:00,8,week,5,13.3,3.2,27.3,24.1,,,,,,CLEAR,2.92,True,2026-09-23T20:31:54,week_2026-09-23.csv,4.0,Busy,17-27 surfers,0.6,16.8,2.0,4.0,0.0,
2026-09-28,09:00,9,week,3,13.23,3.58,18.75,15.17,,,,,,CLEAR,3.88,True,2026-09-25T20:31:48,week_2026-09-25.csv,3.0,Steady,9-16 surfers,0.6,14.61,2.0,4.0,0.0,
2026-09-28,09:00,9,week,4,10.33,2.62,13.65,11.030000000000001,,,,,,CLEAR,3.88,True,2026-09-24T20:32:03,week_2026-09-24.csv,3.0,Steady,9-16 surfers,0.6,11.16,2.0,3.0,0.0,
2026-09-28,09:00,9,week,5,7.6,2.07,13.73,11.66,,,,,,CLEAR,3.88,True,2026-09-23T20:31:54,week_2026-09-23.csv,3.0,Steady,9-16 surfers,0.6,9.13,1.0,3.0,0.0,
2026-09-28,10:00,10,week,3,4.61,0.07,9.53,9.459999999999999,,,,,,CLEAR,4.78,True,2026-09-25T20:31:48,week_2026-09-25.csv,2.0,Quiet,3-8 surfers,0.6,5.84,1.0,3.0,0.0,
2026-09-28,10:00,10,week,4,1.64,0.0,6.51,6.51,,,,,,CLEAR,4.78,True,2026-09-24T20:32:03,week_2026-09-24.csv,2.0,Quiet,3-8 surfers,0.6,2.86,1.0,2.0,0.0,
2026-09-28,10:00,10,week,5,1.01,0.0,5.89,5.89,,,,,,CLEAR,4.78,True,2026-09-23T20:31:54,week_2026-09-23.csv,1.0,Empty,0-2 surfers,0.6,2.23,1.0,2.0,0.0,
2026-09-28,11:00,11,week,3,3.6,0.41,8.11,7.699999999999999,,,,,,CLEAR,5.4,True,2026-09-25T20:31:48,week_2026-09-25.csv,2.0,Quiet,3-8 surfers,0.6,4.73,1.0,2.0,0.0,
2026-09-28,11:00,11,week,4,1.33,0.0,6.02,6.02,,,,,,CLEAR,5.4,True,2026-09-24T20:32:03,week_2026-09-24.csv,2.0,Quiet,3-8 surfers,0.6,2.51,1.0,2.0,0.0,
2026-09-28,11:00,11,week,5,0.97,0.0,4.71,4.71,,,,,,CLEAR,5.4,True,2026-09-23T20:31:54,week_2026-09-23.csv,1.0,Empty,0-2 surfers,0.6,1.91,1.0,2.0,0.0,
2026-09-28,12:00,12,week,3,3.4,0.48,7.63,7.15,,,,,,CLEAR,5.55,True,2026-09-25T20:31:48,week_2026-09-25.csv,2.0,Quiet,3-8 surfers,0.6,4.46,1.0,2.0,0.0,
2026-09-28,12:00,12,week,4,1.21,0.0,5.11,5.11,,,,,,CLEAR,5.55,True,2026-09-24T20:32:03,week_2026-09-24.csv,1.0,Empty,0-2 surfers,0.6,2.18,1.0,2.0,0.0,
2026-09-28,12:00,12,week,5,1.06,0.02,4.71,4.69,,,,,,CLEAR,5.55,True,2026-09-23T20:31:54,week_2026-09-23.csv,1.0,Empty,0-2 surfers,0.6,1.97,1.0,2.0,0.0,
2026-09-28,13:00,13,week,3,2.61,0.34,7.89,7.55,,,,,,CLEAR,5.15,True,2026-09-25T20:31:48,week_2026-09-25.csv,2.0,Quiet,3-8 surfers,0.6,3.93,1.0,2.0,0.0,
2026-09-28,13:00,13,week,4,1.13,0.1,4.87,4.7700000000000005,,,,,,CLEAR,5.15,True,2026-09-24T20:32:03,week_2026-09-24.csv,1.0,Empty,0-2 surfers,0.6,2.06,1.0,2.0,0.0,
2026-09-28,13:00,13,week,5,0.93,0.03,4.92,4.89,,,,,,CLEAR,5.15,True,2026-09-23T20:31:54,week_2026-09-23.csv,1.0,Empty,0-2 surfers,0.6,1.92,1.0,2.0,0.0,
2026-09-28,14:00,14,week,3,10.52,3.11,20.21,17.1,,,,,,CLEAR,4.21,True,2026-09-25T20:31:48,week_2026-09-25.csv,3.0,Steady,9-16 surfers,0.6,12.95,2.0,4.0,0.0,
2026-09-28,14:00,14,week,4,5.26,1.29,12.47,11.18,,,,,,CLEAR,4.21,True,2026-09-24T20:32:03,week_2026-09-24.csv,2.0,Quiet,3-8 surfers,0.6,7.07,1.0,3.0,0.0,
2026-09-28,14:00,14,week,5,7.47,2.4,14.74,12.34,,,,,,CLEAR,4.21,True,2026-09-23T20:31:54,week_2026-09-23.csv,3.0,Steady,9-16 surfers,0.6,9.28,1.0,3.0,0.0,
2026-09-28,15:00,15,week,3,26.34,11.17,44.06,32.89,,,,,,CLEAR,2.92,True,2026-09-25T20:31:48,week_2026-09-25.csv,5.0,Packed,28+ surfers,0.6,30.77,3.0,5.0,0.0,
2026-09-28,15:00,15,week,4,21.07,5.4,31.74,26.339999999999996,,,,,,CLEAR,2.92,True,2026-09-24T20:32:03,week_2026-09-24.csv,4.0,Busy,17-27 surfers,0.6,23.74,2.0,5.0,0.0,
2026-09-28,15:00,15,week,5,20.53,10.09,37.4,27.31,,,,,,CLEAR,2.92,True,2026-09-23T20:31:54,week_2026-09-23.csv,4.0,Busy,17-27 surfers,0.6,24.75,3.0,5.0,0.0,
2026-09-28,16:00,16,week,3,18.78,8.39,31.76,23.37,,,,,,CLEAR,1.57,True,2026-09-25T20:31:48,week_2026-09-25.csv,4.0,Busy,17-27 surfers,0.6,22.02,2.0,5.0,0.0,
2026-09-28,16:00,16,week,4,17.28,7.84,31.11,23.27,,,,,,CLEAR,1.57,True,2026-09-24T20:32:03,week_2026-09-24.csv,4.0,Busy,17-27 surfers,0.6,20.74,2.0,5.0,0.0,
2026-09-28,16:00,16,week,5,21.98,14.7,36.64,21.94,,,,,,CLEAR,1.57,True,2026-09-23T20:31:54,week_2026-09-23.csv,4.0,Busy,17-27 surfers,0.6,25.65,3.0,5.0,0.0,
2026-09-28,17:00,17,week,3,17.55,7.18,28.96,21.78,,,,,,CLEAR,0.51,True,2026-09-25T20:31:48,week_2026-09-25.csv,4.0,Busy,17-27 surfers,0.6,20.4,2.0,5.0,0.0,
2026-09-28,17:00,17,week,4,15.85,6.73,29.51,22.78,,,,,,CLEAR,0.51,True,2026-09-24T20:32:03,week_2026-09-24.csv,4.0,Busy,17-27 surfers,0.6,19.26,2.0,5.0,0.0,
2026-09-28,17:00,17,week,5,19.33,10.97,30.31,19.339999999999996,,,,,,CLEAR,0.51,True,2026-09-23T20:31:54,week_2026-09-23.csv,4.0,Busy,17-27 surfers,0.6,22.07,3.0,5.0,0.0,
2026-09-28,18:00,18,week,3,17.57,6.87,26.86,19.99,,,,,,CLEAR,-0.02,True,2026-09-25T20:31:48,week_2026-09-25.csv,4.0,Busy,17-27 surfers,0.6,19.89,2.0,4.0,0.0,
2026-09-28,18:00,18,week,4,15.68,6.92,27.98,21.060000000000002,,,,,,CLEAR,-0.02,True,2026-09-24T20:32:03,week_2026-09-24.csv,4.0,Busy,17-27 surfers,0.6,18.75,2.0,5.0,0.0,
2026-09-28,18:00,18,week,5,18.57,8.05,28.24,20.189999999999998,,,,,,CLEAR,-0.02,True,2026-09-23T20:31:54,week_2026-09-23.csv,4.0,Busy,17-27 surfers,0.6,20.99,2.0,5.0,0.0,
2026-09-28,19:00,19,week,3,13.1,6.02,24.17,18.150000000000002,,,,,,CLEAR,0.04,True,2026-09-25T20:31:48,week_2026-09-25.csv,3.0,Steady,9-16 surfers,0.6,15.87,2.0,4.0,0.0,
2026-09-28,19:00,19,week,4,12.62,5.82,25.63,19.81,,,,,,CLEAR,0.04,True,2026-09-24T20:32:03,week_2026-09-24.csv,3.0,Steady,9-16 surfers,0.6,15.87,2.0,4.0,0.0,
2026-09-28,19:00,19,week,5,13.56,7.97,27.19,19.220000000000002,,,,,,CLEAR,0.04,True,2026-09-23T20:31:54,week_2026-09-23.csv,4.0,Busy,17-27 surfers,0.6,16.97,2.0,4.0,0.0,
2026-09-29,06:00,6,week,4,9.36,3.59,19.51,15.920000000000002,,,,,,CLEAR,2.11,True,2026-09-25T20:31:48,week_2026-09-25.csv,3.0,Steady,9-16 surfers,0.6,11.89,2.0,4.0,0.0,
2026-09-29,06:00,6,week,5,8.55,4.81,29.2,24.39,,,,,,CLEAR,2.11,True,2026-09-24T20:32:03,week_2026-09-24.csv,3.0,Steady,9-16 surfers,0.6,13.71,2.0,5.0,0.0,
2026-09-29,06:00,6,week,6,12.76,7.91,26.81,18.9,,,,,,CLEAR,2.11,True,2026-09-23T20:31:54,week_2026-09-23.csv,3.0,Steady,9-16 surfers,0.6,16.27,2.0,4.0,0.0,
2026-09-29,07:00,7,week,4,12.43,4.64,23.12,18.48,,,,,,CLEAR,2.23,True,2026-09-25T20:31:48,week_2026-09-25.csv,3.0,Steady,9-16 surfers,0.6,15.1,2.0,4.0,0.0,
2026-09-29,07:00,7,week,5,17.28,7.78,34.11,26.33,,,,,,CLEAR,2.23,True,2026-09-24T20:32:03,week_2026-09-24.csv,4.0,Busy,17-27 surfers,0.6,21.49,2.0,5.0,0.0,
2026-09-29,07:00,7,week,6,21.04,10.84,31.61,20.77,,,,,,CLEAR,2.23,True,2026-09-23T20:31:54,week_2026-09-23.csv,4.0,Busy,17-27 surfers,0.6,23.69,3.0,5.0,0.0,
2026-09-29,08:00,8,week,4,14.58,4.87,28.39,23.52,,,,,,CLEAR,2.79,True,2026-09-25T20:31:48,week_2026-09-25.csv,4.0,Busy,17-27 surfers,0.6,18.03,2.0,5.0,0.0,
2026-09-29,08:00,8,week,5,13.78,4.6,28.61,24.009999999999998,,,,,,CLEAR,2.79,True,2026-09-24T20:32:03,week_2026-09-24.csv,4.0,Busy,17-27 surfers,0.6,17.49,2.0,5.0,0.0,
2026-09-29,08:00,8,week,6,21.16,10.15,34.58,24.43,,,,,,CLEAR,2.79,True,2026-09-23T20:31:54,week_2026-09-23.csv,4.0,Busy,17-27 surfers,0.6,24.51,3.0,5.0,0.0,
2026-09-29,09:00,9,week,4,11.79,3.12,21.05,17.93,,,,,,CLEAR,3.62,True,2026-09-25T20:31:48,week_2026-09-25.csv,3.0,Steady,9-16 surfers,0.6,14.11,2.0,4.0,0.0,
2026-09-29,09:00,9,week,5,13.71,3.58,23.62,20.04,,,,,,CLEAR,3.62,True,2026-09-24T20:32:03,week_2026-09-24.csv,3.0,Steady,9-16 surfers,0.6,16.19,2.0,4.0,0.0,
2026-09-29,09:00,9,week,6,16.96,7.43,27.56,20.13,,,,,,CLEAR,3.62,True,2026-09-23T20:31:54,week_2026-09-23.csv,4.0,Busy,17-27 surfers,0.6,19.61,2.0,5.0,0.0,
2026-09-29,10:00,10,week,4,6.74,0.25,10.97,10.72,,,,,,CLEAR,4.49,True,2026-09-25T20:31:48,week_2026-09-25.csv,2.0,Quiet,3-8 surfers,0.6,7.8,1.0,3.0,0.0,
2026-09-29,10:00,10,week,5,6.87,0.64,11.81,11.17,,,,,,CLEAR,4.49,True,2026-09-24T20:32:03,week_2026-09-24.csv,2.0,Quiet,3-8 surfers,0.6,8.11,1.0,3.0,0.0,
2026-09-29,10:00,10,week,6,9.46,2.18,16.12,13.940000000000001,,,,,,CLEAR,4.49,True,2026-09-23T20:31:54,week_2026-09-23.csv,3.0,Steady,9-16 surfers,0.6,11.13,1.0,3.0,0.0,
2026-09-29,11:00,11,week,4,2.02,0.44,4.7,4.26,,,,,,CLEAR,5.23,True,2026-09-25T20:31:48,week_2026-09-25.csv,2.0,Quiet,3-8 surfers,0.6,2.69,1.0,2.0,0.0,
2026-09-29,11:00,11,week,5,2.08,0.5,5.06,4.56,,,,,,CLEAR,5.23,True,2026-09-24T20:32:03,week_2026-09-24.csv,2.0,Quiet,3-8 surfers,0.6,2.82,1.0,2.0,0.0,
2026-09-29,11:00,11,week,6,2.54,0.3,9.51,9.209999999999999,,,,,,CLEAR,5.23,True,2026-09-23T20:31:54,week_2026-09-23.csv,2.0,Quiet,3-8 surfers,0.6,4.28,1.0,3.0,0.0,
2026-09-29,12:00,12,week,4,2.12,0.47,4.63,4.16,,,,,,CLEAR,5.64,True,2026-09-25T20:31:48,week_2026-09-25.csv,2.0,Quiet,3-8 surfers,0.6,2.74,1.0,2.0,0.0,
2026-09-29,12:00,12,week,5,2.09,0.47,4.71,4.24,,,,,,CLEAR,5.64,True,2026-09-24T20:32:03,week_2026-09-24.csv,2.0,Quiet,3-8 surfers,0.6,2.75,1.0,2.0,0.0,
2026-09-29,12:00,12,week,6,2.55,0.33,9.1,8.77,,,,,,CLEAR,5.64,True,2026-09-23T20:31:54,week_2026-09-23.csv,2.0,Quiet,3-8 surfers,0.6,4.19,1.0,3.0,0.0,
2026-09-29,13:00,13,week,4,2.0,0.49,4.15,3.66,,,,,,CLEAR,5.56,True,2026-09-25T20:31:48,week_2026-09-25.csv,2.0,Quiet,3-8 surfers,0.6,2.54,1.0,2.0,0.0,
2026-09-29,13:00,13,week,5,2.09,0.45,4.34,3.8899999999999997,,,,,,CLEAR,5.56,True,2026-09-24T20:32:03,week_2026-09-24.csv,2.0,Quiet,3-8 surfers,0.6,2.65,1.0,2.0,0.0,
2026-09-29,13:00,13,week,6,1.2,0.26,8.74,8.48,,,,,,CLEAR,5.56,True,2026-09-23T20:31:54,week_2026-09-23.csv,2.0,Quiet,3-8 surfers,0.6,3.08,1.0,3.0,0.0,
2026-09-29,14:00,14,week,4,1.86,0.44,5.09,4.6499999999999995,,,,,,CLEAR,4.94,True,2026-09-25T20:31:48,week_2026-09-25.csv,2.0,Quiet,3-8 surfers,0.6,2.67,1.0,2.0,0.0,
2026-09-29,14:00,14,week,5,2.51,0.47,5.41,4.94,,,,,,CLEAR,4.94,True,2026-09-24T20:32:03,week_2026-09-24.csv,2.0,Quiet,3-8 surfers,0.6,3.24,1.0,2.0,0.0,
2026-09-29,14:00,14,week,6,2.2,0.42,10.88,10.46,,,,,,CLEAR,4.94,True,2026-09-23T20:31:54,week_2026-09-23.csv,2.0,Quiet,3-8 surfers,0.6,4.37,1.0,3.0,0.0,
2026-09-29,15:00,15,week,4,10.4,3.54,19.19,15.650000000000002,,,,,,CLEAR,3.83,True,2026-09-25T20:31:48,week_2026-09-25.csv,3.0,Steady,9-16 surfers,0.6,12.6,2.0,4.0,0.0,
2026-09-29,15:00,15,week,5,10.46,3.95,19.89,15.940000000000001,,,,,,CLEAR,3.83,True,2026-09-24T20:32:03,week_2026-09-24.csv,3.0,Steady,9-16 surfers,0.6,12.82,2.0,4.0,0.0,
2026-09-29,15:00,15,week,6,9.85,4.6,17.72,13.12,,,,,,CLEAR,3.83,True,2026-09-23T20:31:54,week_2026-09-23.csv,3.0,Steady,9-16 surfers,0.6,11.82,2.0,4.0,0.0,
2026-09-29,16:00,16,week,4,23.13,9.1,34.19,25.089999999999996,,,,,,CLEAR,2.45,True,2026-09-25T20:31:48,week_2026-09-25.csv,4.0,Busy,17-27 surfers,0.6,25.9,3.0,5.0,0.0,
2026-09-29,16:00,16,week,5,21.5,10.7,31.74,21.04,,,,,,CLEAR,2.45,True,2026-09-24T20:32:03,week_2026-09-24.csv,4.0,Busy,17-27 surfers,0.6,24.06,3.0,5.0,0.0,
2026-09-29,16:00,16,week,6,19.02,11.28,30.47,19.189999999999998,,,,,,CLEAR,2.45,True,2026-09-23T20:31:54,week_2026-09-23.csv,4.0,Busy,17-27 surfers,0.6,21.88,3.0,5.0,0.0,
2026-09-29,17:00,17,week,4,23.75,8.05,31.67,23.62,,,,,,CLEAR,1.12,True,2026-09-25T20:31:48,week_2026-09-25.csv,4.0,Busy,17-27 surfers,0.6,25.73,2.0,5.0,0.0,
2026-09-29,17:00,17,week,5,22.94,6.5,32.14,25.64,,,,,,CLEAR,1.12,True,2026-09-24T20:32:03,week_2026-09-24.csv,4.0,Busy,17-27 surfers,0.6,25.24,2.0,5.0,0.0,
2026-09-29,17:00,17,week,6,20.37,7.19,29.31,22.119999999999997,,,,,,CLEAR,1.12,True,2026-09-23T20:31:54,week_2026-09-23.csv,4.0,Busy,17-27 surfers,0.6,22.6,2.0,5.0,0.0,
2026-09-29,18:00,18,week,4,20.06,4.88,29.42,24.540000000000003,,,,,,CLEAR,0.15,True,2026-09-25T20:31:48,week_2026-09-25.csv,4.0,Busy,17-27 surfers,0.6,22.4,2.0,5.0,0.0,
2026-09-29,18:00,18,week,5,23.28,5.61,31.01,25.400000000000002,,,,,,CLEAR,0.15,True,2026-09-24T20:32:03,week_2026-09-24.csv,4.0,Busy,17-27 surfers,0.6,25.21,2.0,5.0,0.0,
2026-09-29,18:00,18,week,6,15.95,6.24,28.04,21.799999999999997,,,,,,CLEAR,0.15,True,2026-09-23T20:31:54,week_2026-09-23.csv,4.0,Busy,17-27 surfers,0.6,18.97,2.0,5.0,0.0,
2026-09-29,19:00,19,week,4,14.88,6.8,22.45,15.649999999999999,,,,,,CLEAR,-0.26,True,2026-09-25T20:31:48,week_2026-09-25.csv,4.0,Busy,17-27 surfers,0.6,16.77,2.0,4.0,0.0,
2026-09-29,19:00,19,week,5,16.87,5.52,24.8,19.28,,,,,,CLEAR,-0.26,True,2026-09-24T20:32:03,week_2026-09-24.csv,4.0,Busy,17-27 surfers,0.6,18.85,2.0,4.0,0.0,
2026-09-29,19:00,19,week,6,12.01,6.23,22.47,16.24,,,,,,CLEAR,-0.26,True,2026-09-23T20:31:54,week_2026-09-23.csv,3.0,Steady,9-16 surfers,0.6,14.63,2.0,4.0,0.0,
2026-09-30,06:00,6,week,5,6.47,1.98,22.63,20.65,,,,,,CLEAR,2.7,True,2026-09-25T20:31:48,week_2026-09-25.csv,3.0,Steady,9-16 surfers,0.6,10.51,1.0,4.0,0.0,
2026-09-30,06:00,6,week,6,4.66,0.43,17.74,17.31,,,,,,CLEAR,2.7,True,2026-09-24T20:32:03,week_2026-09-24.csv,2.0,Quiet,3-8 surfers,0.6,7.93,1.0,4.0,0.0,
2026-09-30,06:00,6,week,7,9.12,3.95,21.48,17.53,,,,,,CLEAR,2.7,True,2026-09-23T20:31:54,week_2026-09-23.csv,3.0,Steady,9-16 surfers,0.6,12.21,2.0,4.0,0.0,
2026-09-30,07:00,7,week,5,14.38,4.04,27.92,23.880000000000003,,,,,,CLEAR,2.58,True,2026-09-25T20:31:48,week_2026-09-25.csv,4.0,Busy,17-27 surfers,0.6,17.76,2.0,5.0,0.0,
2026-09-30,07:00,7,week,6,12.75,2.15,23.33,21.18,,,,,,CLEAR,2.58,True,2026-09-24T20:32:03,week_2026-09-24.csv,3.0,Steady,9-16 surfers,0.6,15.4,1.0,4.0,0.0,
2026-09-30,07:00,7,week,7,19.44,7.32,27.33,20.009999999999998,,,,,,CLEAR,2.58,True,2026-09-23T20:31:54,week_2026-09-23.csv,4.0,Busy,17-27 surfers,0.6,21.41,2.0,4.0,0.0,
2026-09-30,08:00,8,week,5,19.05,4.39,30.01,25.62,,,,,,CLEAR,2.81,True,2026-09-25T20:31:48,week_2026-09-25.csv,4.0,Busy,17-27 surfers,0.6,21.79,2.0,5.0,0.0,
2026-09-30,08:00,8,week,6,14.84,0.68,24.68,24.0,,,,,,CLEAR,2.81,True,2026-09-24T20:32:03,week_2026-09-24.csv,4.0,Busy,17-27 surfers,0.6,17.3,1.0,4.0,0.0,
2026-09-30,08:00,8,week,7,19.31,6.61,30.25,23.64,,,,,,CLEAR,2.81,True,2026-09-23T20:31:54,week_2026-09-23.csv,4.0,Busy,17-27 surfers,0.6,22.05,2.0,5.0,0.0,
2026-09-30,09:00,9,week,5,20.68,4.13,32.0,27.87,,,,,,CLEAR,3.37,True,2026-09-25T20:31:48,week_2026-09-25.csv,4.0,Busy,17-27 surfers,0.6,23.51,2.0,5.0,0.0,
2026-09-30,09:00,9,week,6,14.23,1.52,25.5,23.98,,,,,,CLEAR,3.37,True,2026-09-24T20:32:03,week_2026-09-24.csv,4.0,Busy,17-27 surfers,0.6,17.05,1.0,4.0,0.0,
2026-09-30,09:00,9,week,7,18.46,6.5,29.76,23.26,,,,,,CLEAR,3.37,True,2026-09-23T20:31:54,week_2026-09-23.csv,4.0,Busy,17-27 surfers,0.6,21.28,2.0,5.0,0.0,
2026-09-30,10:00,10,week,5,7.73,0.84,12.43,11.59,,,,,,CLEAR,4.12,True,2026-09-25T20:31:48,week_2026-09-25.csv,3.0,Steady,9-16 surfers,0.6,8.9,1.0,3.0,0.0,
2026-09-30,10:00,10,week,6,6.71,0.23,9.51,9.28,,,,,,CLEAR,4.12,True,2026-09-24T20:32:03,week_2026-09-24.csv,2.0,Quiet,3-8 surfers,0.6,7.41,1.0,3.0,0.0,
2026-09-30,10:00,10,week,7,8.19,0.7,10.74,10.040000000000001,,,,,,CLEAR,4.12,True,2026-09-23T20:31:54,week_2026-09-23.csv,3.0,Steady,9-16 surfers,0.6,8.82,1.0,3.0,0.0,
2026-09-30,11:00,11,week,5,2.19,0.0,4.59,4.59,,,,,,CLEAR,4.86,True,2026-09-25T20:31:48,week_2026-09-25.csv,2.0,Quiet,3-8 surfers,0.6,2.79,1.0,2.0,0.0,
2026-09-30,11:00,11,week,6,2.48,0.0,4.54,4.54,,,,,,CLEAR,4.86,True,2026-09-24T20:32:03,week_2026-09-24.csv,2.0,Quiet,3-8 surfers,0.6,2.99,1.0,2.0,0.0,
2026-09-30,11:00,11,week,7,2.39,0.3,6.79,6.49,,,,,,CLEAR,4.86,True,2026-09-23T20:31:54,week_2026-09-23.csv,2.0,Quiet,3-8 surfers,0.6,3.49,1.0,2.0,0.0,
2026-09-30,12:00,12,week,5,1.54,0.0,3.15,3.15,,,,,,CLEAR,5.43,True,2026-09-25T20:31:48,week_2026-09-25.csv,1.0,Empty,0-2 surfers,0.6,1.94,1.0,2.0,0.0,
2026-09-30,12:00,12,week,6,0.81,0.0,3.45,3.45,,,,,,CLEAR,5.43,True,2026-09-24T20:32:03,week_2026-09-24.csv,1.0,Empty,0-2 surfers,0.6,1.47,1.0,2.0,0.0,
2026-09-30,12:00,12,week,7,1.66,0.33,5.41,5.08,,,,,,CLEAR,5.43,True,2026-09-23T20:31:54,week_2026-09-23.csv,2.0,Quiet,3-8 surfers,0.6,2.59,1.0,2.0,0.0,
2026-09-30,13:00,13,week,5,1.55,0.0,3.66,3.66,,,,,,CLEAR,5.67,True,2026-09-25T20:31:48,week_2026-09-25.csv,1.0,Empty,0-2 surfers,0.6,2.08,1.0,2.0,0.0,
2026-09-30,13:00,13,week,6,0.84,0.0,2.87,2.87,,,,,,CLEAR,5.67,True,2026-09-24T20:32:03,week_2026-09-24.csv,1.0,Empty,0-2 surfers,0.6,1.35,1.0,2.0,0.0,
2026-09-30,13:00,13,week,7,1.65,0.29,4.79,4.5,,,,,,CLEAR,5.67,True,2026-09-23T20:31:54,week_2026-09-23.csv,1.0,Empty,0-2 surfers,0.6,2.43,1.0,2.0,0.0,
2026-09-30,14:00,14,week,5,1.63,0.15,2.49,2.3400000000000003,,,,,,CLEAR,5.43,True,2026-09-25T20:31:48,week_2026-09-25.csv,1.0,Empty,0-2 surfers,0.6,1.84,1.0,1.0,0.0,
2026-09-30,14:00,14,week,6,1.14,0.22,3.38,3.1599999999999997,,,,,,CLEAR,5.43,True,2026-09-24T20:32:03,week_2026-09-24.csv,1.0,Empty,0-2 surfers,0.6,1.7,1.0,2.0,0.0,
2026-09-30,14:00,14,week,7,1.41,0.45,2.91,2.46,,,,,,CLEAR,5.43,True,2026-09-23T20:31:54,week_2026-09-23.csv,1.0,Empty,0-2 surfers,0.6,1.79,1.0,2.0,0.0,
2026-09-30,15:00,15,week,5,2.44,0.15,3.75,3.6,,,,,,CLEAR,4.69,True,2026-09-25T20:31:48,week_2026-09-25.csv,2.0,Quiet,3-8 surfers,0.6,2.77,1.0,2.0,0.0,
2026-09-30,15:00,15,week,6,2.76,0.22,5.14,4.92,,,,,,CLEAR,4.69,True,2026-09-24T20:32:03,week_2026-09-24.csv,2.0,Quiet,3-8 surfers,0.6,3.35,1.0,2.0,0.0,
2026-09-30,15:00,15,week,7,2.42,0.45,4.61,4.16,,,,,,CLEAR,4.69,True,2026-09-23T20:31:54,week_2026-09-23.csv,2.0,Quiet,3-8 surfers,0.6,2.96,1.0,2.0,0.0,
2026-09-30,16:00,16,week,5,19.4,5.28,21.7,16.419999999999998,,,,,,CLEAR,3.52,True,2026-09-25T20:31:48,week_2026-09-25.csv,4.0,Busy,17-27 surfers,0.6,19.98,2.0,4.0,0.0,
2026-09-30,16:00,16,week,6,17.51,5.32,19.37,14.05,,,,,,CLEAR,3.52,True,2026-09-24T20:32:03,week_2026-09-24.csv,4.0,Busy,17-27 surfers,0.6,17.98,2.0,4.0,0.0,
2026-09-30,16:00,16,week,7,21.43,7.49,21.43,13.94,,,,,,CLEAR,3.52,True,2026-09-23T20:31:54,week_2026-09-23.csv,4.0,Busy,17-27 surfers,0.6,21.43,2.0,4.0,0.0,
2026-09-30,17:00,17,week,5,24.66,8.59,31.72,23.13,,,,,,CLEAR,2.15,True,2026-09-25T20:31:48,week_2026-09-25.csv,4.0,Busy,17-27 surfers,0.6,26.43,3.0,5.0,0.0,
2026-09-30,17:00,17,week,6,21.14,8.11,31.56,23.45,,,,,,CLEAR,2.15,True,2026-09-24T20:32:03,week_2026-09-24.csv,4.0,Busy,17-27 surfers,0.6,23.74,2.0,5.0,0.0,
2026-09-30,17:00,17,week,7,25.58,10.51,31.91,21.4,,,,,,CLEAR,2.15,True,2026-09-23T20:31:54,week_2026-09-23.csv,4.0,Busy,17-27 surfers,0.6,27.16,3.0,5.0,0.0,
2026-09-30,18:00,18,week,5,24.99,7.82,32.05,24.229999999999997,,,,,,CLEAR,0.89,True,2026-09-25T20:31:48,week_2026-09-25.csv,4.0,Busy,17-27 surfers,0.6,26.75,2.0,5.0,0.0,
2026-09-30,18:00,18,week,6,21.02,7.22,31.47,24.25,,,,,,CLEAR,0.89,True,2026-09-24T20:32:03,week_2026-09-24.csv,4.0,Busy,17-27 surfers,0.6,23.63,2.0,5.0,0.0,
2026-09-30,18:00,18,week,7,25.45,8.51,32.12,23.61,,,,,,CLEAR,0.89,True,2026-09-23T20:31:54,week_2026-09-23.csv,4.0,Busy,17-27 surfers,0.6,27.12,3.0,5.0,0.0,
2026-09-30,19:00,19,week,5,20.15,7.75,27.65,19.9,,,,,,CLEAR,0.02,True,2026-09-25T20:31:48,week_2026-09-25.csv,4.0,Busy,17-27 surfers,0.6,22.02,2.0,5.0,0.0,
2026-09-30,19:00,19,week,6,17.32,5.31,26.79,21.48,,,,,,CLEAR,0.02,True,2026-09-24T20:32:03,week_2026-09-24.csv,4.0,Busy,17-27 surfers,0.6,19.69,2.0,4.0,0.0,
2026-09-30,19:00,19,week,7,20.5,8.51,27.76,19.25,,,,,,CLEAR,0.02,True,2026-09-23T20:31:54,week_2026-09-23.csv,4.0,Busy,17-27 surfers,0.6,22.31,3.0,5.0,0.0,
2026-10-01,06:00,6,week,6,4.48,0.71,16.87,16.16,,,,,,CLEAR,3.25,True,2026-09-25T20:31:48,week_2026-09-25.csv,2.0,Quiet,3-8 surfers,0.6,7.58,1.0,4.0,0.0,
2026-10-01,06:00,6,week,7,2.72,0.0,15.37,15.37,,,,,,CLEAR,3.25,True,2026-09-24T20:32:03,week_2026-09-24.csv,2.0,Quiet,3-8 surfers,0.6,5.88,1.0,3.0,0.0,
2026-10-01,07:00,7,week,6,12.99,1.86,21.92,20.060000000000002,,,,,,CLEAR,3.06,True,2026-09-25T20:31:48,week_2026-09-25.csv,3.0,Steady,9-16 surfers,0.6,15.22,1.0,4.0,0.0,
2026-10-01,07:00,7,week,7,11.76,0.76,20.92,20.16,,,,,,CLEAR,3.06,True,2026-09-24T20:32:03,week_2026-09-24.csv,3.0,Steady,9-16 surfers,0.6,14.05,1.0,4.0,0.0,
2026-10-01,08:00,8,week,6,18.7,2.95,30.24,27.29,,,,,,CLOUDY_OVERCAST,3.02,True,2026-09-25T20:31:48,week_2026-09-25.csv,4.0,Busy,17-27 surfers,0.6,21.58,2.0,5.0,0.0,
2026-10-01,08:00,8,week,7,14.06,1.48,26.81,25.33,,,,,,CLEAR,3.02,True,2026-09-24T20:32:03,week_2026-09-24.csv,4.0,Busy,17-27 surfers,0.6,17.25,1.0,4.0,0.0,
2026-10-01,09:00,9,week,6,18.45,3.88,31.85,27.970000000000002,,,,,,CLOUDY_OVERCAST,3.26,True,2026-09-25T20:31:48,week_2026-09-25.csv,4.0,Busy,17-27 surfers,0.6,21.8,2.0,5.0,0.0,
2026-10-01,09:00,9,week,7,14.24,2.05,27.42,25.37,,,,,,CLEAR,3.26,True,2026-09-24T20:32:03,week_2026-09-24.csv,4.0,Busy,17-27 surfers,0.6,17.53,1.0,4.0,0.0,
2026-10-01,10:00,10,week,6,12.61,2.09,19.86,17.77,,,,,,CLOUDY_OVERCAST,3.74,True,2026-09-25T20:31:48,week_2026-09-25.csv,3.0,Steady,9-16 surfers,0.6,14.42,1.0,4.0,0.0,
2026-10-01,10:00,10,week,7,10.66,2.01,18.53,16.520000000000003,,,,,,CLEAR,3.74,True,2026-09-24T20:32:03,week_2026-09-24.csv,3.0,Steady,9-16 surfers,0.6,12.63,1.0,4.0,0.0,
2026-10-01,11:00,11,week,6,6.93,0.75,13.39,12.64,,,,,,CLEAR,4.36,True,2026-09-25T20:31:48,week_2026-09-25.csv,3.0,Steady,9-16 surfers,0.6,8.54,1.0,3.0,0.0,
2026-10-01,11:00,11,week,7,6.12,1.38,14.97,13.59,,,,,,CLEAR,4.36,True,2026-09-24T20:32:03,week_2026-09-24.csv,2.0,Quiet,3-8 surfers,0.6,8.33,1.0,3.0,0.0,
2026-10-01,12:00,12,week,6,1.94,0.0,3.44,3.44,,,,,,CLEAR,4.97,True,2026-09-25T20:31:48,week_2026-09-25.csv,1.0,Empty,0-2 surfers,0.6,2.32,1.0,2.0,0.0,
2026-10-01,12:00,12,week,7,1.31,0.26,6.72,6.46,,,,,,CLEAR,4.97,True,2026-09-24T20:32:03,week_2026-09-24.csv,2.0,Quiet,3-8 surfers,0.6,2.66,1.0,2.0,0.0,
2026-10-01,13:00,13,week,6,0.89,0.0,3.23,3.23,,,,,,CLEAR,5.41,True,2026-09-25T20:31:48,week_2026-09-25.csv,1.0,Empty,0-2 surfers,0.6,1.48,1.0,2.0,0.0,
2026-10-01,13:00,13,week,7,1.03,0.26,5.72,5.46,,,,,,CLEAR,5.41,True,2026-09-24T20:32:03,week_2026-09-24.csv,1.0,Empty,0-2 surfers,0.6,2.2,1.0,2.0,0.0,
2026-10-01,14:00,14,week,6,0.79,0.23,2.14,1.9100000000000001,,,,,,CLEAR,5.55,True,2026-09-25T20:31:48,week_2026-09-25.csv,1.0,Empty,0-2 surfers,0.6,1.13,1.0,1.0,0.0,
2026-10-01,14:00,14,week,7,1.56,0.37,5.19,4.82,,,,,,CLEAR,5.55,True,2026-09-24T20:32:03,week_2026-09-24.csv,1.0,Empty,0-2 surfers,0.6,2.47,1.0,2.0,0.0,
2026-10-01,15:00,15,week,6,1.04,0.25,1.47,1.22,,,,,,CLEAR,5.25,True,2026-09-25T20:31:48,week_2026-09-25.csv,1.0,Empty,0-2 surfers,0.6,1.15,1.0,1.0,0.0,
2026-10-01,15:00,15,week,7,1.58,0.36,5.99,5.63,,,,,,CLEAR,5.25,True,2026-09-24T20:32:03,week_2026-09-24.csv,2.0,Quiet,3-8 surfers,0.6,2.69,1.0,2.0,0.0,
2026-10-01,16:00,16,week,6,5.11,0.93,7.69,6.760000000000001,,,,,,CLEAR,4.49,True,2026-09-25T20:31:48,week_2026-09-25.csv,2.0,Quiet,3-8 surfers,0.6,5.76,1.0,2.0,0.0,
2026-10-01,16:00,16,week,7,5.4,1.22,11.47,10.25,,,,,,CLEAR,4.49,True,2026-09-24T20:32:03,week_2026-09-24.csv,2.0,Quiet,3-8 surfers,0.6,6.92,1.0,3.0,0.0,
2026-10-01,17:00,17,week,6,21.08,3.67,26.79,23.119999999999997,,,,,,CLEAR,3.36,True,2026-09-25T20:31:48,week_2026-09-25.csv,4.0,Busy,17-27 surfers,0.6,22.51,2.0,4.0,0.0,
2026-10-01,17:00,17,week,7,20.58,7.74,29.04,21.299999999999997,,,,,,CLEAR,3.36,True,2026-09-24T20:32:03,week_2026-09-24.csv,4.0,Busy,17-27 surfers,0.6,22.7,2.0,5.0,0.0,
2026-10-01,18:00,18,week,6,20.23,5.35,28.36,23.009999999999998,,,,,,CLEAR,2.06,True,2026-09-25T20:31:48,week_2026-09-25.csv,4.0,Busy,17-27 surfers,0.6,22.26,2.0,5.0,0.0,
2026-10-01,18:00,18,week,7,23.88,6.24,31.34,25.1,,,,,,CLEAR,2.06,True,2026-09-24T20:32:03,week_2026-09-24.csv,4.0,Busy,17-27 surfers,0.6,25.74,2.0,5.0,0.0,
2026-10-01,19:00,19,week,6,15.66,5.55,22.77,17.22,,,,,,CLEAR,0.89,True,2026-09-25T20:31:48,week_2026-09-25.csv,4.0,Busy,17-27 surfers,0.6,17.44,2.0,4.0,0.0,
2026-10-01,19:00,19,week,7,19.07,6.57,26.34,19.77,,,,,,CLEAR,0.89,True,2026-09-24T20:32:03,week_2026-09-24.csv,4.0,Busy,17-27 surfers,0.6,20.89,2.0,4.0,0.0,
2026-10-02,06:00,6,week,7,2.17,0.0,7.16,7.16,,,,,,CLEAR,3.6,True,2026-09-25T20:31:48,week_2026-09-25.csv,2.0,Quiet,3-8 surfers,0.6,3.42,1.0,2.0,0.0,
2026-10-02,07:00,7,week,7,9.92,1.16,9.92,8.76,,,,,,CLEAR,3.48,True,2026-09-25T20:31:48,week_2026-09-25.csv,3.0,Steady,9-16 surfers,0.6,9.92,1.0,3.0,0.0,
2026-10-02,08:00,8,week,7,12.86,3.63,21.75,18.12,,,,,,CLEAR,3.38,True,2026-09-25T20:31:48,week_2026-09-25.csv,3.0,Steady,9-16 surfers,0.6,15.08,2.0,4.0,0.0,
2026-10-02,09:00,9,week,7,14.64,3.63,24.77,21.14,,,,,,CLEAR,3.35,True,2026-09-25T20:31:48,week_2026-09-25.csv,4.0,Busy,17-27 surfers,0.6,17.17,2.0,4.0,0.0,
2026-10-02,10:00,10,week,7,15.86,3.48,15.86,12.379999999999999,,,,,,CLEAR,3.5,True,2026-09-25T20:31:48,week_2026-09-25.csv,3.0,Steady,9-16 surfers,0.6,15.86,2.0,3.0,0.0,
2026-10-02,11:00,11,week,7,9.49,3.54,13.73,10.190000000000001,,,,,,CLEAR,3.86,True,2026-09-25T20:31:48,week_2026-09-25.csv,3.0,Steady,9-16 surfers,0.6,10.55,2.0,3.0,0.0,
2026-10-02,12:00,12,week,7,5.78,1.04,7.86,6.82,,,,,,CLEAR,4.35,True,2026-09-25T20:31:48,week_2026-09-25.csv,2.0,Quiet,3-8 surfers,0.6,6.3,1.0,2.0,0.0,
2026-10-02,13:00,13,week,7,0.47,0.17,0.47,0.29999999999999993,,,,,,CLEAR,4.86,True,2026-09-25T20:31:48,week_2026-09-25.csv,1.0,Empty,0-2 surfers,0.6,0.47,1.0,1.0,0.0,
2026-10-02,14:00,14,week,7,0.61,0.08,0.61,0.53,,,,,,CLEAR,5.24,True,2026-09-25T20:31:48,week_2026-09-25.csv,1.0,Empty,0-2 surfers,0.6,0.61,1.0,1.0,0.0,
2026-10-02,15:00,15,week,7,0.39,0.07,0.39,0.32,,,,,,CLEAR,5.36,True,2026-09-25T20:31:48,week_2026-09-25.csv,1.0,Empty,0-2 surfers,0.6,0.39,1.0,1.0,0.0,
2026-10-02,16:00,16,week,7,0.54,0.05,0.54,0.49000000000000005,,,,,,CLEAR,5.1,True,2026-09-25T20:31:48,week_2026-09-25.csv,1.0,Empty,0-2 surfers,0.6,0.54,1.0,1.0,0.0,
2026-10-02,17:00,17,week,7,4.87,0.14,6.82,6.680000000000001,,,,,,CLEAR,4.4,True,2026-09-25T20:31:48,week_2026-09-25.csv,2.0,Quiet,3-8 surfers,0.6,5.36,1.0,2.0,0.0,
2026-10-02,18:00,18,week,7,19.68,4.07,23.43,19.36,,,,,,CLEAR,3.35,True,2026-09-25T20:31:48,week_2026-09-25.csv,4.0,Busy,17-27 surfers,0.6,20.62,2.0,4.0,0.0,
2026-10-02,19:00,19,week,7,16.94,5.29,24.38,19.09,,,,,,CLEAR,2.15,True,2026-09-25T20:31:48,week_2026-09-25.csv,4.0,Busy,17-27 surfers,0.6,18.8,2.0,4.0,0.0,
