date,time_local,filename,retro_forecast,detector_count,n_train_rows,n_train_days,wx_cols_swapped
2025-10-25,07:29,crop2025-10-25_07-29-00.jpg,10.7,14,149,12,4
2025-10-25,08:23,crop2025-10-25_08-23-00.jpg,9.7,17,149,12,4
2025-10-25,09:17,crop2025-10-25_09-17-00.jpg,7.0,11,149,12,4
2025-10-25,10:11,crop2025-10-25_10-11-00.jpg,5.5,22,149,12,4
2025-10-25,11:05,crop2025-10-25_11-05-00.jpg,4.6,17,149,12,4
2025-10-25,11:59,crop2025-10-25_11-59-00.jpg,4.6,13,149,12,4
2025-10-25,12:53,crop2025-10-25_12-53-00.jpg,4.7,5,149,12,4
2025-10-25,13:47,crop2025-10-25_13-47-00.jpg,4.2,8,149,12,4
2025-10-25,14:41,crop2025-10-25_14-41-00.jpg,6.0,16,149,12,4
2025-10-25,15:35,crop2025-10-25_15-35-00.jpg,15.8,32,149,12,4
2025-10-25,16:29,crop2025-10-25_16-29-00.jpg,24.3,44,149,12,4
2025-10-25,17:23,crop2025-10-25_17-23-00.jpg,26.4,53,149,12,4
2025-10-25,18:17,crop2025-10-25_18-17-00.jpg,20.4,32,149,12,4
2025-11-04,06:35,crop2025-11-04_06-35-00.jpg,5.9,1,237,20,4
2025-11-04,07:29,crop2025-11-04_07-29-00.jpg,2.1,0,237,20,4
2025-11-04,08:23,crop2025-11-04_08-23-00.jpg,1.8,0,237,20,4
2025-11-04,09:17,crop2025-11-04_09-17-00.jpg,1.8,0,237,20,4
2025-11-04,10:11,crop2025-11-04_10-11-00.jpg,1.9,0,237,20,4
2025-11-04,11:05,crop2025-11-04_11-05-00.jpg,9.9,4,237,20,4
2025-11-04,11:59,crop2025-11-04_11-59-00.jpg,9.9,15,237,20,4
2025-11-04,12:53,crop2025-11-04_12-53-00.jpg,29.0,44,237,20,4
2025-11-04,13:47,crop2025-11-04_13-47-00.jpg,30.6,18,237,20,4
2025-11-04,14:41,crop2025-11-04_14-41-00.jpg,21.7,10,237,20,4
2025-11-04,15:35,crop2025-11-04_15-35-00.jpg,19.7,18,237,20,4
2025-11-04,16:29,crop2025-11-04_16-29-00.jpg,31.2,21,237,20,4
2025-11-04,17:23,crop2025-11-04_17-23-00.jpg,20.5,10,237,20,4
2025-12-02,07:56,crop2025-12-02_07-56-00.jpg,0.3,0,442,39,4
2025-12-02,08:50,crop2025-12-02_08-50-00.jpg,0.5,0,442,39,4
2025-12-02,09:44,crop2025-12-02_09-44-00.jpg,0.0,0,442,39,4
2025-12-02,10:38,crop2025-12-02_10-38-00.jpg,2.9,5,442,39,4
2025-12-02,11:32,crop2025-12-02_11-32-00.jpg,10.8,22,442,39,4
2025-12-02,12:26,crop2025-12-02_12-26-00.jpg,14.2,17,442,39,4
2025-12-02,13:20,crop2025-12-02_13-20-00.jpg,13.8,16,442,39,4
2025-12-02,14:14,crop2025-12-02_14-14-00.jpg,13.2,12,442,39,4
2025-12-02,15:08,crop2025-12-02_15-08-00.jpg,17.6,20,442,39,4
2025-12-02,16:02,crop2025-12-02_16-02-00.jpg,16.3,30,442,39,4
2025-12-02,16:56,crop2025-12-02_16-56-00.jpg,16.3,24,442,39,4
2026-03-12,07:29,crop2026-03-12_07-29-00.jpg,3.1,5,502,45,4
2026-03-12,08:23,crop2026-03-12_08-23-00.jpg,10.4,10,502,45,4
2026-03-12,09:17,crop2026-03-12_09-17-00.jpg,11.7,27,502,45,4
2026-03-12,10:11,crop2026-03-12_10-11-00.jpg,13.5,25,502,45,4
2026-03-12,11:05,crop2026-03-12_11-05-00.jpg,17.9,30,502,45,4
2026-03-12,11:59,crop2026-03-12_11-59-00.jpg,17.9,33,502,45,4
2026-03-12,12:53,crop2026-03-12_12-53-00.jpg,20.1,17,502,45,4
2026-03-12,13:47,crop2026-03-12_13-47-00.jpg,18.5,22,502,45,4
2026-03-12,14:41,crop2026-03-12_14-41-00.jpg,20.8,27,502,45,4
2026-03-12,15:35,crop2026-03-12_15-35-00.jpg,20.5,36,502,45,4
2026-03-12,16:29,crop2026-03-12_16-29-00.jpg,22.5,34,502,45,4
2026-03-12,17:23,crop2026-03-12_17-23-00.jpg,20.1,39,502,45,4
2026-03-12,18:17,crop2026-03-12_18-17-00.jpg,18.8,42,502,45,4
2026-03-12,19:11,crop2026-03-12_19-11-00.jpg,16.5,31,502,45,4
2026-07-25,06:17,crop2026-07-25_06-17-00.jpg,13.0,17,836,69,4
2026-07-25,07:11,crop2026-07-25_07-11-00.jpg,18.2,52,836,69,4
2026-07-25,08:05,crop2026-07-25_08-05-00.jpg,20.6,69,836,69,4
2026-07-25,08:59,crop2026-07-25_08-59-00.jpg,20.6,45,836,69,4
2026-07-25,09:53,crop2026-07-25_09-53-00.jpg,26.0,32,836,69,4
2026-07-25,10:47,crop2026-07-25_10-47-00.jpg,17.4,46,836,69,4
2026-07-25,11:41,crop2026-07-25_11-41-00.jpg,18.5,65,836,69,4
2026-07-25,12:35,crop2026-07-25_12-35-00.jpg,23.0,29,836,69,4
2026-07-25,13:29,crop2026-07-25_13-29-00.jpg,29.7,30,836,69,4
2026-07-25,14:23,crop2026-07-25_14-23-00.jpg,28.3,63,836,69,4
2026-07-25,15:17,crop2026-07-25_15-17-00.jpg,27.1,41,836,69,4
2026-07-25,16:11,crop2026-07-25_16-11-00.jpg,15.3,38,836,69,4
2026-07-25,17:05,crop2026-07-25_17-05-00.jpg,7.7,15,836,69,4
2026-07-25,17:59,crop2026-07-25_17-59-00.jpg,7.7,15,836,69,4
2026-07-25,19:47,crop2026-07-25_19-47-00.jpg,3.4,0,836,69,4
2026-08-16,06:35,crop2026-08-16_06-35-00.jpg,18.0,17,1098,87,4
2026-08-16,07:29,crop2026-08-16_07-29-00.jpg,23.0,14,1098,87,4
2026-08-16,08:23,crop2026-08-16_08-23-00.jpg,27.0,55,1098,87,4
2026-08-16,09:17,crop2026-08-16_09-17-00.jpg,27.4,61,1098,87,4
2026-08-16,10:11,crop2026-08-16_10-11-00.jpg,27.7,71,1098,87,4
2026-08-16,11:05,crop2026-08-16_11-05-00.jpg,29.1,43,1098,87,4
2026-08-16,11:59,crop2026-08-16_11-59-00.jpg,29.1,49,1098,87,4
2026-08-16,12:53,crop2026-08-16_12-53-00.jpg,11.4,36,1098,87,4
2026-08-16,13:47,crop2026-08-16_13-47-00.jpg,3.1,2,1098,87,4
2026-08-16,14:41,crop2026-08-16_14-41-00.jpg,3.0,2,1098,87,4
2026-08-16,15:35,crop2026-08-16_15-35-00.jpg,2.2,2,1098,87,4
2026-08-16,16:29,crop2026-08-16_16-29-00.jpg,8.3,19,1098,87,4
2026-08-16,17:23,crop2026-08-16_17-23-00.jpg,26.1,26,1098,87,4
2026-08-16,18:17,crop2026-08-16_18-17-00.jpg,30.1,39,1098,87,4
2026-08-16,19:11,crop2026-08-16_19-11-00.jpg,23.3,34,1098,87,4
2026-08-16,20:05,crop2026-08-16_20-05-00.jpg,16.6,8,1098,87,4
