date,hour_local,predicted,lower_q10,upper_q90,weather_simple,tide_ft,in_training_range,forecast_made_at,crowd_level,crowd_label,crowd_band,crowd_level_quantile,crowd_level_value,crowd_level_low,crowd_level_high,n_missing_predictors,missing_predictors,lead_days
2026-09-27,06:00,9.01,2.47,27.13,CLOUDY_OVERCAST,1.42,True,2026-09-26T22:10:36,3,Steady,9-16 surfers,0.6,13.54,1,4,0,,1
2026-09-27,07:00,20.64,8.83,39.57,CLOUDY_OVERCAST,2.13,True,2026-09-26T22:10:36,4,Busy,17-27 surfers,0.6,25.37,3,5,0,,1
2026-09-27,08:00,22.64,5.55,41.32,CLOUDY_OVERCAST,3.1,True,2026-09-26T22:10:36,4,Busy,17-27 surfers,0.6,27.31,2,5,0,,1
2026-09-27,09:00,10.39,2.03,20.13,CLOUDY_OVERCAST,4.1,True,2026-09-26T22:10:36,3,Steady,9-16 surfers,0.6,12.82,1,4,0,,1
2026-09-27,10:00,3.09,0.0,7.94,CLOUDY_OVERCAST,4.93,True,2026-09-26T22:10:36,2,Quiet,3-8 surfers,0.6,4.3,1,2,0,,1
2026-09-27,11:00,2.92,0.0,8.91,CLOUDY_OVERCAST,5.36,True,2026-09-26T22:10:36,2,Quiet,3-8 surfers,0.6,4.42,1,3,0,,1
2026-09-27,12:00,2.87,0.0,10.32,CLOUDY_OVERCAST,5.23,True,2026-09-26T22:10:36,2,Quiet,3-8 surfers,0.6,4.74,1,3,0,,1
2026-09-27,13:00,4.47,0.88,10.95,CLEAR,4.56,True,2026-09-26T22:10:36,2,Quiet,3-8 surfers,0.6,6.09,1,3,0,,1
2026-09-27,14:00,28.15,9.24,33.16,CLEAR,3.45,True,2026-09-26T22:10:36,5,Packed,28+ surfers,0.6,29.41,3,5,0,,1
2026-09-27,15:00,32.81,15.07,48.7,CLEAR,2.18,True,2026-09-26T22:10:36,5,Packed,28+ surfers,0.6,36.78,3,5,0,,1
2026-09-27,16:00,33.58,14.64,47.86,CLEAR,1.08,True,2026-09-26T22:10:36,5,Packed,28+ surfers,0.6,37.15,3,5,0,,1
2026-09-27,17:00,30.38,12.77,43.86,CLEAR,0.42,True,2026-09-26T22:10:36,5,Packed,28+ surfers,0.6,33.75,3,5,0,,1
2026-09-27,18:00,31.28,8.67,39.61,CLEAR,0.32,True,2026-09-26T22:10:36,5,Packed,28+ surfers,0.6,33.36,3,5,0,,1
2026-09-27,19:00,23.17,8.56,37.2,CLEAR,0.78,True,2026-09-26T22:10:36,4,Busy,17-27 surfers,0.6,26.67,3,5,0,,1
2026-09-28,06:00,10.46,4.71,23.44,CLOUDY_OVERCAST,1.65,True,2026-09-26T22:10:36,3,Steady,9-16 surfers,0.6,13.71,2,4,0,,2
2026-09-28,07:00,16.6,7.29,27.19,CLOUDY_OVERCAST,2.1,True,2026-09-26T22:10:36,4,Busy,17-27 surfers,0.6,19.24,2,4,0,,2
2026-09-28,08:00,18.02,4.64,30.4,CLOUDY_OVERCAST,2.92,True,2026-09-26T22:10:36,4,Busy,17-27 surfers,0.6,21.12,2,5,0,,2
2026-09-28,09:00,14.03,2.82,17.73,CLOUDY_OVERCAST,3.88,True,2026-09-26T22:10:36,3,Steady,9-16 surfers,0.6,14.96,2,4,0,,2
2026-09-28,10:00,2.59,0.0,6.65,CLEAR,4.78,True,2026-09-26T22:10:36,2,Quiet,3-8 surfers,0.6,3.61,1,2,0,,2
2026-09-28,11:00,2.06,0.0,6.34,CLEAR,5.4,True,2026-09-26T22:10:36,2,Quiet,3-8 surfers,0.6,3.13,1,2,0,,2
2026-09-28,12:00,2.6,0.18,6.45,CLEAR,5.55,True,2026-09-26T22:10:36,2,Quiet,3-8 surfers,0.6,3.56,1,2,0,,2
2026-09-28,13:00,1.87,0.39,5.51,CLEAR,5.15,True,2026-09-26T22:10:36,2,Quiet,3-8 surfers,0.6,2.78,1,2,0,,2
2026-09-28,14:00,10.71,2.63,18.9,CLEAR,4.21,True,2026-09-26T22:10:36,3,Steady,9-16 surfers,0.6,12.76,2,4,0,,2
2026-09-28,15:00,24.88,10.14,38.85,CLEAR,2.92,True,2026-09-26T22:10:36,5,Packed,28+ surfers,0.6,28.37,3,5,0,,2
2026-09-28,16:00,21.58,9.44,32.58,CLEAR,1.57,True,2026-09-26T22:10:36,4,Busy,17-27 surfers,0.6,24.33,3,5,0,,2
2026-09-28,17:00,19.42,8.15,30.43,CLEAR,0.51,True,2026-09-26T22:10:36,4,Busy,17-27 surfers,0.6,22.17,2,5,0,,2
2026-09-28,18:00,18.8,7.36,29.09,CLEAR,-0.02,True,2026-09-26T22:10:36,4,Busy,17-27 surfers,0.6,21.37,2,5,0,,2
2026-09-28,19:00,13.58,5.76,27.33,CLEAR,0.04,True,2026-09-26T22:10:36,4,Busy,17-27 surfers,0.6,17.01,2,4,0,,2
2026-09-29,06:00,9.19,5.81,23.85,CLEAR,2.11,True,2026-09-26T22:10:36,3,Steady,9-16 surfers,0.6,12.85,2,4,0,,3
2026-09-29,07:00,20.4,9.36,29.04,CLEAR,2.23,True,2026-09-26T22:10:36,4,Busy,17-27 surfers,0.6,22.56,3,5,0,,3
2026-09-29,08:00,19.53,8.03,40.89,CLEAR,2.79,True,2026-09-26T22:10:36,4,Busy,17-27 surfers,0.6,24.87,2,5,0,,3
2026-09-29,09:00,12.96,3.58,22.47,CLEAR,3.62,True,2026-09-26T22:10:36,3,Steady,9-16 surfers,0.6,15.34,2,4,0,,3
2026-09-29,10:00,6.66,0.36,11.86,CLEAR,4.49,True,2026-09-26T22:10:36,2,Quiet,3-8 surfers,0.6,7.96,1,3,0,,3
2026-09-29,11:00,2.11,0.27,4.64,CLEAR,5.23,True,2026-09-26T22:10:36,2,Quiet,3-8 surfers,0.6,2.74,1,2,0,,3
2026-09-29,12:00,2.17,0.3,4.46,CLEAR,5.64,True,2026-09-26T22:10:36,2,Quiet,3-8 surfers,0.6,2.74,1,2,0,,3
2026-09-29,13:00,2.11,0.4,3.59,CLEAR,5.56,True,2026-09-26T22:10:36,1,Empty,0-2 surfers,0.6,2.48,1,2,0,,3
2026-09-29,14:00,2.37,0.49,6.53,CLEAR,4.94,True,2026-09-26T22:10:36,2,Quiet,3-8 surfers,0.6,3.41,1,2,0,,3
2026-09-29,15:00,13.74,2.83,20.82,CLEAR,3.83,True,2026-09-26T22:10:36,3,Steady,9-16 surfers,0.6,15.51,2,4,0,,3
2026-09-29,16:00,23.81,8.66,35.19,CLEAR,2.45,True,2026-09-26T22:10:36,4,Busy,17-27 surfers,0.6,26.66,3,5,0,,3
2026-09-29,17:00,21.5,7.05,29.17,CLEAR,1.12,True,2026-09-26T22:10:36,4,Busy,17-27 surfers,0.6,23.42,2,5,0,,3
2026-09-29,18:00,20.36,4.92,29.48,CLEAR,0.15,True,2026-09-26T22:10:36,4,Busy,17-27 surfers,0.6,22.64,2,5,0,,3
2026-09-29,19:00,14.79,6.53,23.25,CLEAR,-0.26,True,2026-09-26T22:10:36,4,Busy,17-27 surfers,0.6,16.9,2,4,0,,3
2026-09-30,06:00,8.62,3.15,21.42,CLEAR,2.7,True,2026-09-26T22:10:36,3,Steady,9-16 surfers,0.6,11.82,2,4,0,,4
2026-09-30,07:00,18.66,5.59,27.72,CLEAR,2.58,True,2026-09-26T22:10:36,4,Busy,17-27 surfers,0.6,20.92,2,5,0,,4
2026-09-30,08:00,22.56,5.74,32.99,CLEAR,2.81,True,2026-09-26T22:10:36,4,Busy,17-27 surfers,0.6,25.17,2,5,0,,4
2026-09-30,09:00,21.39,5.03,32.18,CLEAR,3.37,True,2026-09-26T22:10:36,4,Busy,17-27 surfers,0.6,24.09,2,5,0,,4
2026-09-30,10:00,8.89,1.21,11.61,CLEAR,4.12,True,2026-09-26T22:10:36,3,Steady,9-16 surfers,0.6,9.57,1,3,0,,4
2026-09-30,11:00,2.0,0.3,4.84,CLEAR,4.86,True,2026-09-26T22:10:36,2,Quiet,3-8 surfers,0.6,2.71,1,2,0,,4
2026-09-30,12:00,1.57,0.35,2.78,CLEAR,5.43,True,2026-09-26T22:10:36,1,Empty,0-2 surfers,0.6,1.88,1,2,0,,4
2026-09-30,13:00,1.53,0.46,1.58,CLEAR,5.67,True,2026-09-26T22:10:36,1,Empty,0-2 surfers,0.6,1.54,1,1,0,,4
2026-09-30,14:00,1.61,0.48,1.93,CLEAR,5.43,True,2026-09-26T22:10:36,1,Empty,0-2 surfers,0.6,1.69,1,1,0,,4
2026-09-30,15:00,1.19,0.42,3.67,CLEAR,4.69,True,2026-09-26T22:10:36,1,Empty,0-2 surfers,0.6,1.81,1,2,0,,4
2026-09-30,16:00,16.49,5.46,20.12,CLEAR,3.52,True,2026-09-26T22:10:36,4,Busy,17-27 surfers,0.6,17.4,2,4,0,,4
2026-09-30,17:00,24.02,13.33,34.67,CLEAR,2.15,True,2026-09-26T22:10:36,4,Busy,17-27 surfers,0.6,26.68,3,5,0,,4
2026-09-30,18:00,25.61,10.15,34.33,CLEAR,0.89,True,2026-09-26T22:10:36,5,Packed,28+ surfers,0.6,27.79,3,5,0,,4
2026-09-30,19:00,19.47,7.94,28.57,CLEAR,0.02,True,2026-09-26T22:10:36,4,Busy,17-27 surfers,0.6,21.74,2,5,0,,4
2026-10-01,06:00,5.5,1.62,20.04,CLEAR,3.25,True,2026-09-26T22:10:36,3,Steady,9-16 surfers,0.6,9.14,1,4,0,,5
2026-10-01,07:00,15.13,3.95,28.26,CLEAR,3.06,True,2026-09-26T22:10:36,4,Busy,17-27 surfers,0.6,18.41,2,5,0,,5
2026-10-01,08:00,17.6,3.48,27.43,CLEAR,3.02,True,2026-09-26T22:10:36,4,Busy,17-27 surfers,0.6,20.06,2,4,0,,5
2026-10-01,09:00,20.17,7.49,31.08,CLEAR,3.26,True,2026-09-26T22:10:36,4,Busy,17-27 surfers,0.6,22.89,2,5,0,,5
2026-10-01,10:00,10.81,4.53,21.39,CLEAR,3.74,True,2026-09-26T22:10:36,3,Steady,9-16 surfers,0.6,13.45,2,4,0,,5
2026-10-01,11:00,4.7,1.63,10.72,CLEAR,4.36,True,2026-09-26T22:10:36,2,Quiet,3-8 surfers,0.6,6.21,1,3,0,,5
2026-10-01,12:00,1.73,0.45,3.41,CLEAR,4.97,True,2026-09-26T22:10:36,1,Empty,0-2 surfers,0.6,2.15,1,2,0,,5
2026-10-01,13:00,1.56,0.45,3.08,CLEAR,5.41,True,2026-09-26T22:10:36,1,Empty,0-2 surfers,0.6,1.94,1,2,0,,5
2026-10-01,14:00,1.44,0.56,3.59,CLEAR,5.55,True,2026-09-26T22:10:36,1,Empty,0-2 surfers,0.6,1.98,1,2,0,,5
2026-10-01,15:00,1.41,0.59,4.21,CLEAR,5.25,True,2026-09-26T22:10:36,1,Empty,0-2 surfers,0.6,2.11,1,2,0,,5
2026-10-01,16:00,3.49,1.31,9.3,CLEAR,4.49,True,2026-09-26T22:10:36,2,Quiet,3-8 surfers,0.6,4.94,1,3,0,,5
2026-10-01,17:00,20.38,6.61,27.7,CLEAR,3.36,True,2026-09-26T22:10:36,4,Busy,17-27 surfers,0.6,22.21,2,5,0,,5
2026-10-01,18:00,22.99,5.94,29.33,CLEAR,2.06,True,2026-09-26T22:10:36,4,Busy,17-27 surfers,0.6,24.57,2,5,0,,5
2026-10-01,19:00,17.36,5.98,25.49,CLEAR,0.89,True,2026-09-26T22:10:36,4,Busy,17-27 surfers,0.6,19.39,2,4,0,,5
2026-10-02,06:00,5.36,1.0,13.62,CLEAR,3.6,True,2026-09-26T22:10:36,2,Quiet,3-8 surfers,0.6,7.43,1,3,0,,6
2026-10-02,07:00,14.08,3.18,19.26,CLEAR,3.48,True,2026-09-26T22:10:36,3,Steady,9-16 surfers,0.6,15.37,2,4,0,,6
2026-10-02,08:00,16.77,4.2,29.74,CLEAR,3.38,True,2026-09-26T22:10:36,4,Busy,17-27 surfers,0.6,20.01,2,5,0,,6
2026-10-02,09:00,20.01,4.33,31.95,CLEAR,3.35,True,2026-09-26T22:10:36,4,Busy,17-27 surfers,0.6,23.0,2,5,0,,6
2026-10-02,10:00,19.9,4.06,22.42,CLEAR,3.5,True,2026-09-26T22:10:36,4,Busy,17-27 surfers,0.6,20.53,2,4,0,,6
2026-10-02,11:00,9.53,3.54,18.55,CLEAR,3.86,True,2026-09-26T22:10:36,3,Steady,9-16 surfers,0.6,11.79,2,4,0,,6
2026-10-02,12:00,4.95,1.6,12.59,CLEAR,4.35,True,2026-09-26T22:10:36,2,Quiet,3-8 surfers,0.6,6.86,1,3,0,,6
2026-10-02,13:00,1.98,0.46,6.0,CLEAR,4.86,True,2026-09-26T22:10:36,2,Quiet,3-8 surfers,0.6,2.98,1,2,0,,6
2026-10-02,14:00,1.18,0.32,5.06,CLEAR,5.24,True,2026-09-26T22:10:36,1,Empty,0-2 surfers,0.6,2.15,1,2,0,,6
2026-10-02,15:00,0.6,0.28,2.53,CLEAR,5.36,True,2026-09-26T22:10:36,1,Empty,0-2 surfers,0.6,1.09,1,2,0,,6
2026-10-02,16:00,0.39,0.24,2.43,CLEAR,5.1,True,2026-09-26T22:10:36,1,Empty,0-2 surfers,0.6,0.9,1,1,0,,6
2026-10-02,17:00,3.12,0.23,9.33,CLEAR,4.4,True,2026-09-26T22:10:36,2,Quiet,3-8 surfers,0.6,4.67,1,3,0,,6
2026-10-02,18:00,18.32,4.01,29.56,CLEAR,3.35,True,2026-09-26T22:10:36,4,Busy,17-27 surfers,0.6,21.13,2,5,0,,6
2026-10-02,19:00,17.92,6.46,28.67,CLEAR,2.15,True,2026-09-26T22:10:36,4,Busy,17-27 surfers,0.6,20.6,2,5,0,,6
2026-10-03,06:00,6.92,1.14,18.45,CLEAR,3.82,True,2026-09-26T22:10:36,3,Steady,9-16 surfers,0.6,9.8,1,4,0,,7
2026-10-03,07:00,8.34,1.74,22.54,CLEAR,3.77,True,2026-09-26T22:10:36,3,Steady,9-16 surfers,0.6,11.89,1,4,0,,7
2026-10-03,08:00,11.66,2.2,25.45,CLEAR,3.65,True,2026-09-26T22:10:36,3,Steady,9-16 surfers,0.6,15.1,1,4,0,,7
2026-10-03,09:00,21.33,3.92,23.85,CLEAR,3.53,True,2026-09-26T22:10:36,4,Busy,17-27 surfers,0.6,21.96,2,4,0,,7
2026-10-03,10:00,21.47,3.93,24.1,CLEAR,3.45,True,2026-09-26T22:10:36,4,Busy,17-27 surfers,0.6,22.12,2,4,0,,7
2026-10-03,11:00,25.4,5.06,28.33,CLEAR,3.49,True,2026-09-26T22:10:36,4,Busy,17-27 surfers,0.6,26.13,2,5,0,,7
2026-10-03,12:00,11.77,3.55,26.58,CLEAR,3.74,True,2026-09-26T22:10:36,3,Steady,9-16 surfers,0.6,15.48,2,4,0,,7
2026-10-03,13:00,4.99,1.65,15.47,CLEAR,4.14,True,2026-09-26T22:10:36,2,Quiet,3-8 surfers,0.6,7.61,1,3,0,,7
2026-10-03,14:00,1.7,0.57,5.19,CLEAR,4.61,True,2026-09-26T22:10:36,2,Quiet,3-8 surfers,0.6,2.57,1,2,0,,7
2026-10-03,15:00,0.54,0.54,3.71,CLEAR,5.0,True,2026-09-26T22:10:36,1,Empty,0-2 surfers,0.6,1.34,1,2,0,,7
2026-10-03,16:00,0.52,0.52,3.46,CLEAR,5.18,True,2026-09-26T22:10:36,1,Empty,0-2 surfers,0.6,1.25,1,2,0,,7
2026-10-03,17:00,0.12,0.04,3.17,CLEAR,5.0,True,2026-09-26T22:10:36,1,Empty,0-2 surfers,0.6,0.88,1,2,0,,7
2026-10-03,18:00,2.78,0.05,9.95,CLEAR,4.42,True,2026-09-26T22:10:36,2,Quiet,3-8 surfers,0.6,4.57,1,3,0,,7
2026-10-03,19:00,14.65,5.12,18.02,CLEAR,3.47,True,2026-09-26T22:10:36,3,Steady,9-16 surfers,0.6,15.5,2,4,0,,7
