n,image,filename,date,time_local,detector_count,countable,unusable_x_range,notes
1,01.jpg,crop2026-08-26_09-26-00.jpg,2026-08-26,09:26,21.0,,,
2,02.jpg,crop2026-09-16_08-14-00.jpg,2026-09-16,08:14,9.0,,,
3,03.jpg,crop2026-08-30_08-50-00.jpg,2026-08-30,08:50,29.0,,,
4,04.jpg,crop2026-10-03_09-17-00.jpg,2026-10-03,09:17,18.0,,,
5,05.jpg,crop2026-10-01_11-05-00.jpg,2026-10-01,11:05,1.0,,,
6,06.jpg,crop2025-11-10_08-32-00.jpg,2025-11-10,08:32,9.0,,,
7,07.jpg,crop2025-11-24_07-47-00.jpg,2025-11-24,07:47,10.0,,,
8,08.jpg,crop2026-09-10_19-47-00.jpg,2026-09-10,19:47,3.0,,,
9,09.jpg,crop2025-11-24_16-47-00.jpg,2025-11-24,16:47,41.0,,,
10,10.jpg,crop2026-09-07_14-23-00.jpg,2026-09-07,14:23,54.0,,,
11,11.jpg,crop2025-11-23_06-53-00.jpg,2025-11-23,06:53,5.0,,,
12,12.jpg,crop2025-11-09_07-38-00.jpg,2025-11-09,07:38,5.0,,,
13,13.jpg,crop2025-11-07_08-23-00.jpg,2025-11-07,08:23,0.0,,,
14,14.jpg,crop2026-03-12_08-23-00.jpg,2026-03-12,08:23,10.0,,,
15,15.jpg,crop2026-08-29_07-02-00.jpg,2026-08-29,07:02,17.0,,,
16,16.jpg,crop2026-09-05_07-56-00.jpg,2026-09-05,07:56,37.0,,,
17,17.jpg,crop2026-08-31_13-20-00.jpg,2026-08-31,13:20,2.0,,,
18,18.jpg,crop2025-12-03_10-38-00.jpg,2025-12-03,10:38,2.0,,,
19,19.jpg,crop2026-09-12_15-17-00.jpg,2026-09-12,15:17,34.0,,,
20,20.jpg,crop2026-09-14_11-41-00.jpg,2026-09-14,11:41,4.0,,,
21,21.jpg,crop2026-07-21_16-11-00.jpg,2026-07-21,16:11,2.0,,,
22,22.jpg,crop2025-11-22_16-47-00.jpg,2025-11-22,16:47,41.0,,,
23,23.jpg,crop2026-09-30_14-41-00.jpg,2026-09-30,14:41,0.0,,,
24,24.jpg,crop2026-09-29_17-23-00.jpg,2026-09-29,17:23,27.0,,,
25,25.jpg,crop2026-09-13_09-53-00.jpg,2026-09-13,09:53,11.0,,,
26,26.jpg,crop2025-11-04_06-35-00.jpg,2025-11-04,06:35,1.0,,,
27,27.jpg,crop2026-09-18_07-20-00.jpg,2026-09-18,07:20,18.0,,,
28,28.jpg,crop2026-09-01_10-38-00.jpg,2026-09-01,10:38,10.0,,,
29,29.jpg,crop2026-09-21_10-02-00.jpg,2026-09-21,10:02,11.0,,,
30,30.jpg,crop2025-11-10_10-20-00.jpg,2025-11-10,10:20,9.0,,,
31,31.jpg,crop2025-12-05_09-44-00.jpg,2025-12-05,09:44,0.0,,,
32,32.jpg,crop2026-10-02_06-35-00.jpg,2026-10-02,06:35,1.0,,,
33,33.jpg,crop2026-05-06_08-05-00.jpg,2026-05-06,08:05,7.0,,,
34,34.jpg,crop2026-09-02_07-56-00.jpg,2026-09-02,07:56,11.0,,,
35,35.jpg,crop2026-09-26_19-02-00.jpg,2026-09-26,19:02,12.0,,,
36,36.jpg,crop2025-10-11_10-02-00.jpg,2025-10-11,10:02,5.0,,,
37,37.jpg,crop2026-10-04_09-17-00.jpg,2026-10-04,09:17,10.0,,,
38,38.jpg,crop2025-11-30_10-38-00.jpg,2025-11-30,10:38,34.0,,,
39,39.jpg,crop2025-11-30_11-32-00.jpg,2025-11-30,11:32,29.0,,,
40,40.jpg,crop2026-10-02_07-29-00.jpg,2026-10-02,07:29,11.0,,,
41,41.jpg,crop2026-09-07_10-47-00.jpg,2026-09-07,10:47,37.0,,,
42,42.jpg,crop2026-09-07_13-29-00.jpg,2026-09-07,13:29,50.0,,,
43,43.jpg,crop2026-07-16_14-23-00.jpg,2026-07-16,14:23,5.0,,,
44,44.jpg,crop2025-11-06_14-41-00.jpg,2025-11-06,14:41,4.0,,,
45,45.jpg,crop2026-09-24_11-50-00.jpg,2026-09-24,11:50,6.0,,,
46,46.jpg,crop2026-08-28_09-44-00.jpg,2026-08-28,09:44,12.0,,,
47,47.jpg,crop2026-09-08_08-05-00.jpg,2026-09-08,08:05,18.0,,,
48,48.jpg,crop2026-07-18_09-53-00.jpg,2026-07-18,09:53,42.0,,,
49,49.jpg,crop2026-09-24_06-26-00.jpg,2026-09-24,06:26,11.0,,,
50,50.jpg,crop2026-09-25_10-02-00.jpg,2026-09-25,10:02,0.0,,,
51,51.jpg,crop2026-07-04_10-38-00.jpg,2026-07-04,10:38,49.0,,,
52,52.jpg,crop2025-12-01_10-38-00.jpg,2025-12-01,10:38,10.0,,,
53,53.jpg,crop2025-12-01_09-44-00.jpg,2025-12-01,09:44,0.0,,,
54,54.jpg,crop2025-11-08_06-44-00.jpg,2025-11-08,06:44,9.0,,,
55,55.jpg,crop2026-09-07_09-53-00.jpg,2026-09-07,09:53,29.0,,,
56,56.jpg,crop2026-09-18_09-08-00.jpg,2026-09-18,09:08,17.0,,,
57,57.jpg,crop2026-09-25_14-32-00.jpg,2026-09-25,14:32,29.0,,,
