clip_time,offset_min,frame,frame_sec,count,lap_var,brightness,quality_ok,reason
17:49,-28,1,1.0,28,116.1,82.3,True,ok
17:49,-28,2,2.5,26,98.5,82.2,True,ok
17:49,-28,3,4.0,27,94.3,82.2,True,ok
17:53,-24,1,1.0,16,291.8,93.6,True,ok
17:53,-24,2,2.5,17,255.3,92.8,True,ok
17:53,-24,3,4.0,22,187.4,93.0,True,ok
17:57,-20,1,1.0,16,123.3,88.9,True,ok
17:57,-20,2,2.5,16,127.1,89.9,True,ok
17:57,-20,3,4.0,17,91.8,87.4,True,ok
18:01,-16,1,1.0,21,212.8,88.1,True,ok
18:01,-16,2,2.5,17,203.3,89.1,True,ok
18:01,-16,3,4.0,17,101.4,86.3,True,ok
18:05,-12,1,1.0,21,118.1,85.9,True,ok
18:05,-12,2,2.5,21,107.7,86.2,True,ok
18:05,-12,3,4.0,21,81.5,85.3,True,ok
18:09,-8,1,1.0,12,103.8,85.3,True,ok
18:09,-8,2,2.5,15,87.3,85.4,True,ok
18:09,-8,3,4.0,16,74.9,84.4,True,ok
18:13,-4,1,1.0,15,90.7,83.3,True,ok
18:13,-4,2,2.5,14,70.9,83.8,True,ok
18:13,-4,3,4.0,13,65.5,84.5,True,ok
18:17,0,1,1.0,9,187.9,92.7,True,ok
18:17,0,2,2.5,11,139.0,92.2,True,ok
18:17,0,3,4.0,5,172.8,94.4,True,ok
18:21,4,1,1.0,9,139.7,93.4,True,ok
18:21,4,2,2.5,12,109.5,93.8,True,ok
18:21,4,3,4.0,10,118.7,92.4,True,ok
18:25,8,1,1.0,8,105.8,88.1,True,ok
18:25,8,2,2.5,9,86.9,88.5,True,ok
18:25,8,3,4.0,9,87.2,88.9,True,ok
18:29,12,1,1.0,10,102.9,90.1,True,ok
18:29,12,2,2.5,11,80.6,90.3,True,ok
18:29,12,3,4.0,9,73.7,88.8,True,ok
18:33,16,1,1.0,10,97.7,88.2,True,ok
18:33,16,2,2.5,9,80.6,88.4,True,ok
18:33,16,3,4.0,13,75.1,88.1,True,ok
18:37,20,1,1.0,14,90.9,83.7,True,ok
18:37,20,2,2.5,13,76.4,83.8,True,ok
18:37,20,3,4.0,14,72.2,83.1,True,ok
18:41,24,1,1.0,13,98.2,85.8,True,ok
18:41,24,2,2.5,14,82.4,86.0,True,ok
18:41,24,3,4.0,14,84.5,85.7,True,ok
18:45,28,1,1.0,7,86.5,87.2,True,ok
18:45,28,2,2.5,13,74.9,87.2,True,ok
18:45,28,3,4.0,10,68.1,86.9,True,ok
