filename,date,time_local,image,boxes_drawn,forecast,true_positives,missed,missed_poses,uncertain,false_positives,false_positive_box_numbers,false_positive_causes,notes
crop2026-10-01_06-35-00.jpg,2026-10-01,06:35,0635_boxes_01.png,1,3.4,,,,,,,,
crop2026-10-01_07-29-00.jpg,2026-10-01,07:29,0729_boxes_03.png,3,11.4,,,,,,,,
crop2026-10-01_08-23-00.jpg,2026-10-01,08:23,0823_boxes_02.png,2,13.0,,,,,,,,
crop2026-10-01_09-17-00.jpg,2026-10-01,09:17,0917_boxes_04.png,4,13.5,,,,,,,,
crop2026-10-01_10-11-00.jpg,2026-10-01,10:11,1011_boxes_07.png,7,7.7,,,,,,,,
crop2026-10-01_11-05-00.jpg,2026-10-01,11:05,1105_boxes_01.png,1,3.6,,,,,,,,
crop2026-10-01_11-59-00.jpg,2026-10-01,11:59,1159_boxes_01.png,1,3.6,,,,,,,,
crop2026-10-01_12-53-00.jpg,2026-10-01,12:53,1253_boxes_00.png,0,1.4,,,,,,,,
crop2026-10-01_13-47-00.jpg,2026-10-01,13:47,1347_boxes_00.png,0,1.1,,,,,,,,
crop2026-10-01_14-41-00.jpg,2026-10-01,14:41,1441_boxes_01.png,1,1.2,,,,,,,,
crop2026-10-01_15-35-00.jpg,2026-10-01,15:35,1535_boxes_00.png,0,1.1,,,,,,,,
crop2026-10-01_16-29-00.jpg,2026-10-01,16:29,1629_boxes_03.png,3,2.5,,,,,,,,
crop2026-10-01_17-23-00.jpg,2026-10-01,17:23,1723_boxes_09.png,9,18.8,,,,,,,,
crop2026-10-01_18-17-00.jpg,2026-10-01,18:17,1817_boxes_23.png,23,19.2,,,,,,,,
crop2026-10-01_19-11-00.jpg,2026-10-01,19:11,1911_boxes_14.png,14,12.7,,,,,,,,
