image,date,time_local,box,confidence,is_surfer,pose,notes,filename,nobox_misses_this_frame
2025-10-25_0823_2.png,2025-10-25,08:23,1,0.193,,,,crop2025-10-25_08-23-00.jpg,5
2025-10-25_0823_2.png,2025-10-25,08:23,2,0.159,,,,crop2025-10-25_08-23-00.jpg,5
2025-10-25_1159_1.png,2025-10-25,11:59,1,0.181,,,,crop2025-10-25_11-59-00.jpg,0
2025-10-25_1253_1.png,2025-10-25,12:53,1,0.194,,,,crop2025-10-25_12-53-00.jpg,1
2025-10-25_1535_1.png,2025-10-25,15:35,1,0.116,,,,crop2025-10-25_15-35-00.jpg,0
2025-10-25_1723_3.png,2025-10-25,17:23,1,0.191,,,,crop2025-10-25_17-23-00.jpg,3
2025-10-25_1723_3.png,2025-10-25,17:23,2,0.14,,,,crop2025-10-25_17-23-00.jpg,3
2025-10-25_1723_3.png,2025-10-25,17:23,3,0.159,,,,crop2025-10-25_17-23-00.jpg,3
2025-10-25_1817_1.png,2025-10-25,18:17,1,0.182,,,,crop2025-10-25_18-17-00.jpg,0
2025-11-04_1347_2.png,2025-11-04,13:47,1,0.115,,,,crop2025-11-04_13-47-00.jpg,2
2025-11-04_1347_2.png,2025-11-04,13:47,2,0.166,,,,crop2025-11-04_13-47-00.jpg,2
2025-11-04_1441_1.png,2025-11-04,14:41,1,0.122,,,,crop2025-11-04_14-41-00.jpg,6
2025-11-04_1535_1.png,2025-11-04,15:35,1,0.149,,,,crop2025-11-04_15-35-00.jpg,1
2025-11-04_1629_2.png,2025-11-04,16:29,1,0.165,,,,crop2025-11-04_16-29-00.jpg,1
2025-11-04_1629_2.png,2025-11-04,16:29,2,0.118,,,,crop2025-11-04_16-29-00.jpg,1
2025-11-04_1723_2.png,2025-11-04,17:23,1,0.14,,,,crop2025-11-04_17-23-00.jpg,0
2025-11-04_1723_2.png,2025-11-04,17:23,2,0.124,,,,crop2025-11-04_17-23-00.jpg,0
2025-12-02_1320_2.png,2025-12-02,13:20,1,0.104,,,,crop2025-12-02_13-20-00.jpg,0
2025-12-02_1320_2.png,2025-12-02,13:20,2,0.146,,,,crop2025-12-02_13-20-00.jpg,0
2025-12-02_1602_1.png,2025-12-02,16:02,1,0.166,,,,crop2025-12-02_16-02-00.jpg,1
2026-03-12_0729_1.png,2026-03-12,07:29,1,0.109,,,,crop2026-03-12_07-29-00.jpg,0
2026-03-12_0823_1.png,2026-03-12,08:23,1,0.132,,,,crop2026-03-12_08-23-00.jpg,0
2026-03-12_0917_1.png,2026-03-12,09:17,1,0.186,,,,crop2026-03-12_09-17-00.jpg,0
2026-03-12_1011_2.png,2026-03-12,10:11,1,0.167,,,,crop2026-03-12_10-11-00.jpg,6
2026-03-12_1011_2.png,2026-03-12,10:11,2,0.119,,,,crop2026-03-12_10-11-00.jpg,6
2026-03-12_1159_1.png,2026-03-12,11:59,1,0.12,,,,crop2026-03-12_11-59-00.jpg,9
2026-03-12_1441_1.png,2026-03-12,14:41,1,0.11,,,,crop2026-03-12_14-41-00.jpg,0
2026-03-12_1535_2.png,2026-03-12,15:35,1,0.14,,,,crop2026-03-12_15-35-00.jpg,0
2026-03-12_1535_2.png,2026-03-12,15:35,2,0.151,,,,crop2026-03-12_15-35-00.jpg,0
2026-03-12_1629_1.png,2026-03-12,16:29,1,0.156,,,,crop2026-03-12_16-29-00.jpg,0
2026-03-12_1723_4.png,2026-03-12,17:23,1,0.115,,,,crop2026-03-12_17-23-00.jpg,2
2026-03-12_1723_4.png,2026-03-12,17:23,2,0.113,,,,crop2026-03-12_17-23-00.jpg,2
2026-03-12_1723_4.png,2026-03-12,17:23,3,0.116,,,,crop2026-03-12_17-23-00.jpg,2
2026-03-12_1723_4.png,2026-03-12,17:23,4,0.178,,,,crop2026-03-12_17-23-00.jpg,2
2026-03-12_1911_1.png,2026-03-12,19:11,1,0.144,,,,crop2026-03-12_19-11-00.jpg,0
2026-07-25_0617_1.png,2026-07-25,06:17,1,0.163,,,,crop2026-07-25_06-17-00.jpg,0
2026-07-25_0711_2.png,2026-07-25,07:11,1,0.153,,,,crop2026-07-25_07-11-00.jpg,1
2026-07-25_0711_2.png,2026-07-25,07:11,2,0.136,,,,crop2026-07-25_07-11-00.jpg,1
2026-07-25_0805_2.png,2026-07-25,08:05,1,0.146,,,,crop2026-07-25_08-05-00.jpg,0
2026-07-25_0805_2.png,2026-07-25,08:05,2,0.152,,,,crop2026-07-25_08-05-00.jpg,0
2026-07-25_0859_1.png,2026-07-25,08:59,1,0.114,,,,crop2026-07-25_08-59-00.jpg,1
2026-07-25_0953_5.png,2026-07-25,09:53,1,0.167,,,,crop2026-07-25_09-53-00.jpg,8
2026-07-25_0953_5.png,2026-07-25,09:53,2,0.102,,,,crop2026-07-25_09-53-00.jpg,8
2026-07-25_0953_5.png,2026-07-25,09:53,3,0.102,,,,crop2026-07-25_09-53-00.jpg,8
2026-07-25_0953_5.png,2026-07-25,09:53,4,0.156,,,,crop2026-07-25_09-53-00.jpg,8
2026-07-25_0953_5.png,2026-07-25,09:53,5,0.126,,,,crop2026-07-25_09-53-00.jpg,8
2026-07-25_1047_1.png,2026-07-25,10:47,1,0.126,,,,crop2026-07-25_10-47-00.jpg,0
2026-07-25_1141_3.png,2026-07-25,11:41,1,0.131,,,,crop2026-07-25_11-41-00.jpg,2
2026-07-25_1141_3.png,2026-07-25,11:41,2,0.108,,,,crop2026-07-25_11-41-00.jpg,2
2026-07-25_1141_3.png,2026-07-25,11:41,3,0.124,,,,crop2026-07-25_11-41-00.jpg,2
2026-07-25_1235_2.png,2026-07-25,12:35,1,0.147,,,,crop2026-07-25_12-35-00.jpg,7
2026-07-25_1235_2.png,2026-07-25,12:35,2,0.122,,,,crop2026-07-25_12-35-00.jpg,7
2026-07-25_1329_2.png,2026-07-25,13:29,1,0.113,,,,crop2026-07-25_13-29-00.jpg,2
2026-07-25_1329_2.png,2026-07-25,13:29,2,0.193,,,,crop2026-07-25_13-29-00.jpg,2
2026-07-25_1423_2.png,2026-07-25,14:23,1,0.135,,,,crop2026-07-25_14-23-00.jpg,0
2026-07-25_1423_2.png,2026-07-25,14:23,2,0.191,,,,crop2026-07-25_14-23-00.jpg,0
2026-07-25_1611_1.png,2026-07-25,16:11,1,0.181,,,,crop2026-07-25_16-11-00.jpg,2
2026-07-25_1759_2.png,2026-07-25,17:59,1,0.183,,,,crop2026-07-25_17-59-00.jpg,6
2026-07-25_1759_2.png,2026-07-25,17:59,2,0.181,,,,crop2026-07-25_17-59-00.jpg,6
2026-08-16_0635_2.png,2026-08-16,06:35,1,0.151,,,,crop2026-08-16_06-35-00.jpg,7
2026-08-16_0635_2.png,2026-08-16,06:35,2,0.158,,,,crop2026-08-16_06-35-00.jpg,7
2026-08-16_0729_2.png,2026-08-16,07:29,1,0.151,,,,crop2026-08-16_07-29-00.jpg,13
2026-08-16_0729_2.png,2026-08-16,07:29,2,0.157,,,,crop2026-08-16_07-29-00.jpg,13
2026-08-16_0917_2.png,2026-08-16,09:17,1,0.112,,,,crop2026-08-16_09-17-00.jpg,2
2026-08-16_0917_2.png,2026-08-16,09:17,2,0.149,,,,crop2026-08-16_09-17-00.jpg,2
2026-08-16_1011_3.png,2026-08-16,10:11,1,0.102,,,,crop2026-08-16_10-11-00.jpg,1
2026-08-16_1011_3.png,2026-08-16,10:11,2,0.109,,,,crop2026-08-16_10-11-00.jpg,1
2026-08-16_1011_3.png,2026-08-16,10:11,3,0.122,,,,crop2026-08-16_10-11-00.jpg,1
2026-08-16_1253_1.png,2026-08-16,12:53,1,0.154,,,,crop2026-08-16_12-53-00.jpg,0
2026-08-16_1441_1.png,2026-08-16,14:41,1,0.181,,,,crop2026-08-16_14-41-00.jpg,0
2026-08-16_1535_1.png,2026-08-16,15:35,1,0.141,,,,crop2026-08-16_15-35-00.jpg,0
2026-08-16_1629_1.png,2026-08-16,16:29,1,0.142,,,,crop2026-08-16_16-29-00.jpg,0
2026-08-16_1723_1.png,2026-08-16,17:23,1,0.155,,,,crop2026-08-16_17-23-00.jpg,0
2026-09-23_0720_1.png,2026-09-23,07:20,1,0.108,,,,crop2026-09-23_07-20-00.jpg,1
2026-09-23_1002_1.png,2026-09-23,10:02,1,0.112,,,,crop2026-09-23_10-02-00.jpg,0
2026-09-23_1150_2.png,2026-09-23,11:50,1,0.118,,,,crop2026-09-23_11-50-00.jpg,0
2026-09-23_1150_2.png,2026-09-23,11:50,2,0.191,,,,crop2026-09-23_11-50-00.jpg,0
2026-09-23_1244_3.png,2026-09-23,12:44,1,0.121,,,,crop2026-09-23_12-44-00.jpg,0
2026-09-23_1244_3.png,2026-09-23,12:44,2,0.102,,,,crop2026-09-23_12-44-00.jpg,0
2026-09-23_1244_3.png,2026-09-23,12:44,3,0.16,,,,crop2026-09-23_12-44-00.jpg,0
2026-09-23_1338_3.png,2026-09-23,13:38,1,0.144,,,,crop2026-09-23_13-38-00.jpg,2
2026-09-23_1338_3.png,2026-09-23,13:38,2,0.125,,,,crop2026-09-23_13-38-00.jpg,2
2026-09-23_1338_3.png,2026-09-23,13:38,3,0.111,,,,crop2026-09-23_13-38-00.jpg,2
2026-09-23_1620_1.png,2026-09-23,16:20,1,0.159,,,,crop2026-09-23_16-20-00.jpg,1
2026-09-24_0626_1.png,2026-09-24,06:26,1,0.171,,,,crop2026-09-24_06-26-00.jpg,1
2026-09-24_0720_1.png,2026-09-24,07:20,1,0.125,,,,crop2026-09-24_07-20-00.jpg,1
2026-09-24_1244_1.png,2026-09-24,12:44,1,0.166,,,,crop2026-09-24_12-44-00.jpg,0
2026-09-24_1432_1.png,2026-09-24,14:32,1,0.137,,,,crop2026-09-24_14-32-00.jpg,0
2026-09-24_1714_1.png,2026-09-24,17:14,1,0.107,,,,crop2026-09-24_17-14-00.jpg,0
2026-09-24_1808_1.png,2026-09-24,18:08,1,0.151,,,,crop2026-09-24_18-08-00.jpg,4
2026-09-25_0626_2.png,2026-09-25,06:26,1,0.114,,,,crop2026-09-25_06-26-00.jpg,7
2026-09-25_0626_2.png,2026-09-25,06:26,2,0.111,,,,crop2026-09-25_06-26-00.jpg,7
2026-09-25_0908_1.png,2026-09-25,09:08,1,0.112,,,,crop2026-09-25_09-08-00.jpg,0
2026-09-25_1150_3.png,2026-09-25,11:50,1,0.11,,,,crop2026-09-25_11-50-00.jpg,0
2026-09-25_1150_3.png,2026-09-25,11:50,2,0.139,,,,crop2026-09-25_11-50-00.jpg,0
2026-09-25_1150_3.png,2026-09-25,11:50,3,0.137,,,,crop2026-09-25_11-50-00.jpg,0
2026-09-25_1244_1.png,2026-09-25,12:44,1,0.101,,,,crop2026-09-25_12-44-00.jpg,0
2026-09-25_1338_1.png,2026-09-25,13:38,1,0.164,,,,crop2026-09-25_13-38-00.jpg,2
2026-09-25_1432_3.png,2026-09-25,14:32,1,0.185,,,,crop2026-09-25_14-32-00.jpg,3
2026-09-25_1432_3.png,2026-09-25,14:32,2,0.141,,,,crop2026-09-25_14-32-00.jpg,3
2026-09-25_1432_3.png,2026-09-25,14:32,3,0.105,,,,crop2026-09-25_14-32-00.jpg,3
2026-09-25_1526_2.png,2026-09-25,15:26,1,0.13,,,,crop2026-09-25_15-26-00.jpg,0
2026-09-25_1526_2.png,2026-09-25,15:26,2,0.184,,,,crop2026-09-25_15-26-00.jpg,0
2026-09-25_1620_1.png,2026-09-25,16:20,1,0.104,,,,crop2026-09-25_16-20-00.jpg,3
2026-09-25_1714_2.png,2026-09-25,17:14,1,0.192,,,,crop2026-09-25_17-14-00.jpg,2
2026-09-25_1714_2.png,2026-09-25,17:14,2,0.101,,,,crop2026-09-25_17-14-00.jpg,2
2026-09-25_1808_3.png,2026-09-25,18:08,1,0.149,,,,crop2026-09-25_18-08-00.jpg,2
2026-09-25_1808_3.png,2026-09-25,18:08,2,0.164,,,,crop2026-09-25_18-08-00.jpg,2
2026-09-25_1808_3.png,2026-09-25,18:08,3,0.17,,,,crop2026-09-25_18-08-00.jpg,2
2026-09-25_1902_3.png,2026-09-25,19:02,1,0.112,,,,crop2026-09-25_19-02-00.jpg,0
2026-09-25_1902_3.png,2026-09-25,19:02,2,0.147,,,,crop2026-09-25_19-02-00.jpg,0
2026-09-25_1902_3.png,2026-09-25,19:02,3,0.186,,,,crop2026-09-25_19-02-00.jpg,0
2026-09-26_0720_1.png,2026-09-26,07:20,1,0.169,,,,crop2026-09-26_07-20-00.jpg,1
2026-09-26_0814_1.png,2026-09-26,08:14,1,0.171,,,,crop2026-09-26_08-14-00.jpg,2
2026-09-26_0908_2.png,2026-09-26,09:08,1,0.141,,,,crop2026-09-26_09-08-00.jpg,0
2026-09-26_0908_2.png,2026-09-26,09:08,2,0.187,,,,crop2026-09-26_09-08-00.jpg,0
2026-09-26_1244_1.png,2026-09-26,12:44,1,0.163,,,,crop2026-09-26_12-44-00.jpg,0
2026-09-26_1338_1.png,2026-09-26,13:38,1,0.144,,,,crop2026-09-26_13-38-00.jpg,0
2026-09-26_1432_2.png,2026-09-26,14:32,1,0.115,,,,crop2026-09-26_14-32-00.jpg,4
2026-09-26_1432_2.png,2026-09-26,14:32,2,0.194,,,,crop2026-09-26_14-32-00.jpg,4
2026-09-26_1526_2.png,2026-09-26,15:26,1,0.128,,,,crop2026-09-26_15-26-00.jpg,0
2026-09-26_1526_2.png,2026-09-26,15:26,2,0.115,,,,crop2026-09-26_15-26-00.jpg,0
2026-09-26_1714_1.png,2026-09-26,17:14,1,0.118,,,,crop2026-09-26_17-14-00.jpg,4
2026-09-26_1808_1.png,2026-09-26,18:08,1,0.121,,,,crop2026-09-26_18-08-00.jpg,0
2026-09-27_0729_1.png,2026-09-27,07:29,1,0.19,,,,crop2026-09-27_07-29-00.jpg,2
2026-09-27_0823_1.png,2026-09-27,08:23,1,0.159,,,,crop2026-09-27_08-23-00.jpg,0
2026-09-27_0917_2.png,2026-09-27,09:17,1,0.11,,,,crop2026-09-27_09-17-00.jpg,0
2026-09-27_0917_2.png,2026-09-27,09:17,2,0.193,,,,crop2026-09-27_09-17-00.jpg,0
2026-09-27_1535_5.png,2026-09-27,15:35,1,0.18,,,,crop2026-09-27_15-35-00.jpg,10
2026-09-27_1535_5.png,2026-09-27,15:35,2,0.129,,,,crop2026-09-27_15-35-00.jpg,10
2026-09-27_1535_5.png,2026-09-27,15:35,3,0.151,,,,crop2026-09-27_15-35-00.jpg,10
2026-09-27_1535_5.png,2026-09-27,15:35,4,0.145,,,,crop2026-09-27_15-35-00.jpg,10
2026-09-27_1535_5.png,2026-09-27,15:35,5,0.186,,,,crop2026-09-27_15-35-00.jpg,10
2026-09-27_1629_3.png,2026-09-27,16:29,1,0.168,,,,crop2026-09-27_16-29-00.jpg,4
2026-09-27_1629_3.png,2026-09-27,16:29,2,0.193,,,,crop2026-09-27_16-29-00.jpg,4
2026-09-27_1629_3.png,2026-09-27,16:29,3,0.189,,,,crop2026-09-27_16-29-00.jpg,4
2026-09-27_1723_3.png,2026-09-27,17:23,1,0.19,,,,crop2026-09-27_17-23-00.jpg,15
2026-09-27_1723_3.png,2026-09-27,17:23,2,0.112,,,,crop2026-09-27_17-23-00.jpg,15
2026-09-27_1723_3.png,2026-09-27,17:23,3,0.154,,,,crop2026-09-27_17-23-00.jpg,15
2026-09-27_1817_3.png,2026-09-27,18:17,1,0.143,,,,crop2026-09-27_18-17-00.jpg,4
2026-09-27_1817_3.png,2026-09-27,18:17,2,0.177,,,,crop2026-09-27_18-17-00.jpg,4
2026-09-27_1817_3.png,2026-09-27,18:17,3,0.148,,,,crop2026-09-27_18-17-00.jpg,4
2026-09-28_0635_1.png,2026-09-28,06:35,1,0.134,,,,crop2026-09-28_06-35-00.jpg,0
2026-09-28_0823_2.png,2026-09-28,08:23,1,0.128,,,,crop2026-09-28_08-23-00.jpg,0
2026-09-28_0823_2.png,2026-09-28,08:23,2,0.138,,,,crop2026-09-28_08-23-00.jpg,0
2026-09-28_0917_1.png,2026-09-28,09:17,1,0.188,,,,crop2026-09-28_09-17-00.jpg,0
2026-09-28_1159_1.png,2026-09-28,11:59,1,0.179,,,,crop2026-09-28_11-59-00.jpg,0
2026-09-28_1535_2.png,2026-09-28,15:35,1,0.163,,,,crop2026-09-28_15-35-00.jpg,2
2026-09-28_1535_2.png,2026-09-28,15:35,2,0.126,,,,crop2026-09-28_15-35-00.jpg,2
2026-09-28_1723_3.png,2026-09-28,17:23,1,0.145,,,,crop2026-09-28_17-23-00.jpg,13
2026-09-28_1723_3.png,2026-09-28,17:23,2,0.186,,,,crop2026-09-28_17-23-00.jpg,13
2026-09-28_1723_3.png,2026-09-28,17:23,3,0.113,,,,crop2026-09-28_17-23-00.jpg,13
2026-09-28_1817_4.png,2026-09-28,18:17,1,0.118,,,,crop2026-09-28_18-17-00.jpg,5
2026-09-28_1817_4.png,2026-09-28,18:17,2,0.125,,,,crop2026-09-28_18-17-00.jpg,5
2026-09-28_1817_4.png,2026-09-28,18:17,3,0.129,,,,crop2026-09-28_18-17-00.jpg,5
2026-09-28_1817_4.png,2026-09-28,18:17,4,0.101,,,,crop2026-09-28_18-17-00.jpg,5
2026-09-29_0635_2.png,2026-09-29,06:35,1,0.12,,,,crop2026-09-29_06-35-00.jpg,2
2026-09-29_0635_2.png,2026-09-29,06:35,2,0.16,,,,crop2026-09-29_06-35-00.jpg,2
2026-09-29_0729_1.png,2026-09-29,07:29,1,0.147,,,,crop2026-09-29_07-29-00.jpg,0
2026-09-29_0823_1.png,2026-09-29,08:23,1,0.184,,,,crop2026-09-29_08-23-00.jpg,6
2026-09-29_0917_2.png,2026-09-29,09:17,1,0.172,,,,crop2026-09-29_09-17-00.jpg,6
2026-09-29_0917_2.png,2026-09-29,09:17,2,0.109,,,,crop2026-09-29_09-17-00.jpg,6
2026-09-29_1011_1.png,2026-09-29,10:11,1,0.192,,,,crop2026-09-29_10-11-00.jpg,0
2026-09-29_1159_1.png,2026-09-29,11:59,1,0.169,,,,crop2026-09-29_11-59-00.jpg,0
2026-09-29_1253_1.png,2026-09-29,12:53,1,0.131,,,,crop2026-09-29_12-53-00.jpg,0
2026-09-29_1441_2.png,2026-09-29,14:41,1,0.135,,,,crop2026-09-29_14-41-00.jpg,0
2026-09-29_1441_2.png,2026-09-29,14:41,2,0.189,,,,crop2026-09-29_14-41-00.jpg,0
2026-09-29_1629_3.png,2026-09-29,16:29,1,0.148,,,,crop2026-09-29_16-29-00.jpg,11
2026-09-29_1629_3.png,2026-09-29,16:29,2,0.151,,,,crop2026-09-29_16-29-00.jpg,11
2026-09-29_1629_3.png,2026-09-29,16:29,3,0.143,,,,crop2026-09-29_16-29-00.jpg,11
2026-09-29_1723_2.png,2026-09-29,17:23,1,0.122,,,,crop2026-09-29_17-23-00.jpg,6
2026-09-29_1723_2.png,2026-09-29,17:23,2,0.12,,,,crop2026-09-29_17-23-00.jpg,6
2026-10-01_1011_1.png,2026-10-01,10:11,1,0.122,,,,crop2026-10-01_10-11-00.jpg,0
2026-10-01_1253_1.png,2026-10-01,12:53,1,0.127,,,,crop2026-10-01_12-53-00.jpg,0
2026-10-01_1347_1.png,2026-10-01,13:47,1,0.13,,,,crop2026-10-01_13-47-00.jpg,0
2026-10-01_1535_1.png,2026-10-01,15:35,1,0.152,,,,crop2026-10-01_15-35-00.jpg,0
2026-10-01_1723_2.png,2026-10-01,17:23,1,0.187,,,,crop2026-10-01_17-23-00.jpg,2
2026-10-01_1723_2.png,2026-10-01,17:23,2,0.188,,,,crop2026-10-01_17-23-00.jpg,2
2026-10-01_1817_2.png,2026-10-01,18:17,1,0.161,,,,crop2026-10-01_18-17-00.jpg,1
2026-10-01_1817_2.png,2026-10-01,18:17,2,0.179,,,,crop2026-10-01_18-17-00.jpg,1
2026-10-01_1911_1.png,2026-10-01,19:11,1,0.172,,,,crop2026-10-01_19-11-00.jpg,0
2026-10-02_0823_1.png,2026-10-02,08:23,1,0.126,,,,crop2026-10-02_08-23-00.jpg,0
2026-10-02_0917_1.png,2026-10-02,09:17,1,0.117,,,,crop2026-10-02_09-17-00.jpg,1
2026-10-02_1105_1.png,2026-10-02,11:05,1,0.16,,,,crop2026-10-02_11-05-00.jpg,0
2026-10-02_1535_2.png,2026-10-02,15:35,1,0.126,,,,crop2026-10-02_15-35-00.jpg,0
2026-10-02_1535_2.png,2026-10-02,15:35,2,0.146,,,,crop2026-10-02_15-35-00.jpg,0
2026-10-02_1911_1.png,2026-10-02,19:11,1,0.126,,,,crop2026-10-02_19-11-00.jpg,5
2026-10-03_0635_2.png,2026-10-03,06:35,1,0.131,,,,crop2026-10-03_06-35-00.jpg,3
2026-10-03_0635_2.png,2026-10-03,06:35,2,0.123,,,,crop2026-10-03_06-35-00.jpg,3
2026-10-03_0917_1.png,2026-10-03,09:17,1,0.19,,,,crop2026-10-03_09-17-00.jpg,0
2026-10-03_1011_2.png,2026-10-03,10:11,1,0.173,,,,crop2026-10-03_10-11-00.jpg,0
2026-10-03_1011_2.png,2026-10-03,10:11,2,0.172,,,,crop2026-10-03_10-11-00.jpg,0
2026-10-03_1105_1.png,2026-10-03,11:05,1,0.177,,,,crop2026-10-03_11-05-00.jpg,8
2026-10-03_1159_2.png,2026-10-03,11:59,1,0.142,,,,crop2026-10-03_11-59-00.jpg,0
2026-10-03_1159_2.png,2026-10-03,11:59,2,0.163,,,,crop2026-10-03_11-59-00.jpg,0
2026-10-03_1253_2.png,2026-10-03,12:53,1,0.186,,,,crop2026-10-03_12-53-00.jpg,12
2026-10-03_1253_2.png,2026-10-03,12:53,2,0.141,,,,crop2026-10-03_12-53-00.jpg,12
